"","T_MAPCODE","LC","1750","1990","2014","2018","2020","2022","prop_nat1990","prop_nat2014","prop_nat2018","prop_nat2020","prop_nat2022","A3_1990","A3_2014","A3_2018","A3_2020","A3_2022"
"1","AT15","nat",14.6008,14.5868,14.5868,14.5808,14.5756,14.5748,0.999041148430223,0.999041148430223,0.998630212043176,0.998274067174401,0.998219275656128,"LC","LC","LC","LC","LC"
"2","AT16","nat",53.7692,51.6708,51.5376,51.228,51.1812,51.1648,0.960973940471497,0.958496685835013,0.95273874262589,0.95186835586172,0.951563348534105,"LC","LC","LC","LC","LC"
"3","AT17","nat",729.2028,596.6388,583.9288,577.5332,576.8664,576.74,0.81820695148181,0.800776958069826,0.79200628412288,0.791091860865043,0.790918520883354,"LC","LC","LC","LC","LC"
"4","AT18","nat",1175.6312,1053.0648,1042.0532,1036.318,1035.1504,1034.7104,0.895744175554375,0.886377632713388,0.881499232072099,0.880506063466162,0.88013179643412,"LC","LC","LC","LC","LC"
"5","AT19","nat",1077.8672,1066.2648,1064.7868,1062.4632,1061.9932,1061.8264,0.989235779695309,0.987864553258509,0.985708814592373,0.985272768296503,0.985118018249373,"LC","LC","LC","LC","LC"
"6","AT20","nat",35.5164,22.214,21.0356,20.066,20.0452,20.0016,0.62545753511054,0.592278496694485,0.564978432498789,0.564392787557298,0.563165185660709,"LC","LC","LC","LC","LC"
"7","AT21","nat",386.3068,321.126,315.4696,311.724,311.3724,310.8976,0.831271932049863,0.816629683971393,0.806933763526813,0.806023606107891,0.804794531186094,"LC","LC","LC","LC","LC"
"8","AT22","nat",215.488,109.5176,97.942,93.6752,93.084,92.3968,0.508230620730621,0.454512548262548,0.43471190971191,0.431968369468369,0.428779328779329,"LC","VU","VU","VU","VU"
"9","AT23","nat",311.1928,272.4976,270.6884,268.592,268.436,268.2796,0.875655220814877,0.869841461627647,0.863104801910584,0.86260350496541,0.862100922643455,"LC","LC","LC","LC","LC"
"10","AT24","nat",2976.1348,2631.7344,2617.014,2601.7712,2600.252,2598.0464,0.884279300789736,0.879333153861176,0.874211477248947,0.873701016499656,0.872959921035835,"LC","LC","LC","LC","LC"
"11","AT25","nat",2128.9656,2116.8632,2115.7348,2111.2128,2110.1224,2109.2204,0.994315361413073,0.99378533875794,0.991661302559327,0.99114912894788,0.99072544901618,"LC","LC","LC","LC","LC"
"12","AT26","nat",40.4824,32.3728,30.8656,30.3004,30.2088,30.174,0.799675908542972,0.762444914333142,0.748483291504456,0.746220579807521,0.745360946979428,"LC","LC","LC","LC","LC"
"13","AT27","nat",1239.9792,1234.4484,1233.2544,1231.6208,1231.184,1230.8536,0.995539602599786,0.994576683221783,0.993259241767926,0.992906977794466,0.992640521711977,"LC","LC","LC","LC","LC"
"14","AT28","nat",1030.5104,920.2624,913.5756,909.176,908.47,908.232,0.893016120943564,0.886527297541102,0.882257956833818,0.881572859429657,0.881341905913807,"LC","LC","LC","LC","LC"
"15","AT29","nat",784.614,771.7464,770.276,768.554,768.3452,768.056,0.983600088706039,0.981726046183219,0.979531336427849,0.97926521831117,0.978896629425424,"LC","LC","LC","LC","LC"
"16","AT30","nat",674.0584,633.7716,629.7036,626.7168,626.088,625.3256,0.940232478372794,0.934197392985534,0.929766322918014,0.928833466061694,0.927702406794426,"LC","LC","LC","LC","LC"
"17","AT31","nat",240.8016,212.2452,211.38,210.2988,210.2132,210.196,0.881411086969522,0.877818087587458,0.873328084198776,0.872972604833191,0.872901176736367,"LC","LC","LC","LC","LC"
"18","AT32","nat",3596.184,3489.004,3466.9484,3455.1392,3452.8,3450.6652,0.970196185734656,0.96406312913911,0.960779314962749,0.960128847689662,0.95953521844266,"LC","LC","LC","LC","LC"
"19","AT33","nat",491.8056,486.4956,485.7588,484.4204,484.2196,484.0704,0.989203050961599,0.987704898032881,0.984983497544558,0.98457520613836,0.984271834236942,"LC","LC","LC","LC","LC"
"20","AT34","nat",167.5268,163.5256,162.9968,161.8124,161.734,161.674,0.976116060236332,0.972959550352541,0.965889636762596,0.965421651938675,0.965063500287715,"LC","LC","LC","LC","LC"
"21","AT35","nat",30.1476,19.5128,18.71,18.4276,18.378,18.3744,0.647242234871101,0.620613249479229,0.61124600299858,0.609600764239939,0.609481351749393,"LC","LC","LC","LC","LC"
"22","AT36","nat",51.4116,33.5308,31.96,29.9712,29.8592,29.7644,0.652203004769352,0.621649588808751,0.582965712018299,0.580787215336617,0.578943273502478,"LC","LC","LC","LC","LC"
"23","AT37","nat",176.6464,122.4728,112.8844,106.6108,106.2076,106.1272,0.693321799934785,0.639041610811202,0.603526593239375,0.60124406724394,0.600788920691279,"LC","LC","LC","LC","LC"
"24","AT38","nat",1290.854,909.3172,870.3608,854.3688,851.5792,849.7652,0.704430710211999,0.6742519293429,0.661863231628054,0.659702181656485,0.658296910417445,"LC","LC","LC","LC","LC"
"25","AT39","nat",245.8596,225.77,222.4484,218.4864,217.718,216.984,0.918288323905188,0.904778174209996,0.888663285875353,0.885537924896974,0.882552481172181,"LC","LC","LC","LC","LC"
"26","AT40","nat",596.3172,502.0212,493.1304,465.11,463.9972,463.16,0.841869394342474,0.826959879741856,0.779970794067319,0.778104673150464,0.776700722367223,"LC","LC","LC","LC","LC"
"27","AT41","nat",307.5216,220.4128,212.6232,208.9188,208.1496,207.8656,0.716739246934199,0.69140899370971,0.67936301059828,0.676861722883856,0.675938210519196,"LC","LC","LC","LC","LC"
"28","AT42","nat",59.8564,54.6732,53.8604,52.9968,52.8664,51.7304,0.913406085230652,0.899826919093029,0.885399055071805,0.883220507748545,0.864241751926277,"LC","LC","LC","LC","LC"
"29","AT43","nat",286.2032,270.7712,268.8528,266.2556,265.994,265.86,0.946080267446346,0.93937733750007,0.930302666077808,0.929388630176043,0.928920431357861,"LC","LC","LC","LC","LC"
"30","AT44","nat",163.4576,88.7144,73.2196,64.7528,64.3312,63.2552,0.542736464991533,0.447942463366647,0.396144321218469,0.393565059073423,0.386982312232652,"LC","VU","VU","VU","VU"
"31","AT45","nat",697.0252,451.4752,437.408,431.6956,430.7936,430.4944,0.64771718440022,0.627535417657783,0.619340018122731,0.618045947262739,0.617616694489668,"LC","LC","LC","LC","LC"
"32","AT46","nat",571.8576,557.298,555.9052,552.8852,552.4164,552.0688,0.974539815506518,0.972104244133505,0.966823209134582,0.966003424628789,0.965395580997787,"LC","LC","LC","LC","LC"
"33","AT47","nat",910.5756,894.258,891.6608,887.6752,887.002,886.1536,0.982079906380096,0.979227644579978,0.974850632940307,0.974111320356047,0.973179602001196,"LC","LC","LC","LC","LC"
"34","AT48","nat",20.3768,12.304,12.0464,11.8832,11.72,11.6912,0.60382395665659,0.591182128695379,0.583173020297593,0.575163911899808,0.57375053982961,"LC","LC","LC","LC","LC"
"35","AT49","nat",5647.1168,5561.6916,5550.6368,5535.572,5530.824,5524.0148,0.984872776139498,0.982915175404199,0.980247477792561,0.979406694757934,0.978200911303977,"LC","LC","LC","LC","LC"
"36","AT50","nat",577.5424,526.6208,519.1616,516.202,515.7564,515.4424,0.911830542657994,0.898915127270309,0.89379065502377,0.893019109938941,0.892475426912379,"LC","LC","LC","LC","LC"
"37","AT51","nat",1963.4028,1789.8828,1728.866,1703.0044,1698.5728,1693.7084,0.911622821358918,0.880545754544101,0.867373928569318,0.865116826766265,0.862639291336449,"LC","LC","LC","LC","LC"
"38","AT52","nat",43.5968,31.8148,30.648,30.2872,30.246,30.2416,0.729750807398708,0.7029873752202,0.694711538461538,0.693766514973576,0.693665590135056,"LC","LC","LC","LC","LC"
"39","AT53","nat",27.1028,19.4924,17.572,16.8096,16.684,16.5496,0.719202444027923,0.648346296323627,0.620216361409153,0.615582153873401,0.610623256637691,"LC","LC","LC","LC","LC"
"40","AT54","nat",187.7204,185.6204,185.0972,184.9368,184.9032,184.8992,0.988813149769551,0.986026025940707,0.985171563665963,0.984992574062275,0.984971265776122,"LC","LC","LC","LC","LC"
"41","AT55","nat",760.3872,749.5344,746.7232,742.8236,742.1788,741.5976,0.985727271579532,0.982030207767832,0.976901767941386,0.976053778916847,0.975289431489641,"LC","LC","LC","LC","LC"
"42","AT56","nat",701.6176,499.2812,480.4896,470.056,468.1268,465.9492,0.711614417882334,0.684831167291128,0.669960388678961,0.667210742717971,0.664107057747696,"LC","LC","LC","LC","LC"
"43","AT57","nat",137.0648,112.0368,108.8788,106.1196,105.7808,105.5096,0.817400236968208,0.794360039922723,0.774229415575699,0.771757592029463,0.769778965861403,"LC","LC","LC","LC","LC"
"44","AT58","nat",2252.3448,2231.5716,2228.192,2223.332,2222.5008,2221.2952,0.990777078180925,0.989276597437479,0.987118846102071,0.98674980846627,0.986214544060927,"LC","LC","LC","LC","LC"
"45","AZa1","nat",18.7044,18.3164,18.306,18.2216,18.1956,18.1868,0.979256217788328,0.978700198883685,0.974187891619084,0.972797844357477,0.97232736682278,"LC","LC","LC","LC","LC"
"46","AZa2","nat",350.796,156.8812,130.0756,117.42,116.5116,116.1724,0.447214905529139,0.370801263412354,0.334724455238942,0.332134916019567,0.331167972268783,"VU","VU","VU","VU","VU"
"47","AZa3","nat",867.5872,593.3988,564.7208,546.6908,543.8828,530.9836,0.683964447608263,0.650909556987471,0.630127784273442,0.626891222000509,0.612023321690315,"LC","LC","LC","LC","LC"
"48","AZa4","nat",1787.3464,1364.7744,1289.2596,1260.6492,1253.78,1248.4128,0.763575767965292,0.72132609548994,0.705318901808849,0.701475662468115,0.69847277505916,"LC","LC","LC","LC","LC"
"49","AZa5","nat",3235.1676,2284.7876,2203.942,2150.5292,2132.8992,2106.648,0.706234693992361,0.68124507676202,0.664735020219663,0.65928553438777,0.651171209800692,"LC","LC","LC","LC","LC"
"50","AZa6","nat",653.4064,339.1896,301.0136,289.3776,287.1932,286.0296,0.519109699568293,0.460683580693425,0.442875368224125,0.439532272717255,0.437751451470325,"LC","VU","VU","VU","VU"
"51","AZa7","nat",1274.7652,955.916,889.9532,884.0252,875.1724,859.3644,0.749876134051981,0.698131075432558,0.69348080728906,0.686536155834816,0.674135440785487,"LC","LC","LC","LC","LC"
"52","AZd1","nat",6.4404,0.6076,0.568,0.3532,0.3532,0.3172,0.0943419663374946,0.0881932799205018,0.0548413142040867,0.0548413142040867,0.0492515992795479,"CR","CR","CR","CR","CR"
"53","AZd2","nat",13.216,10.9352,10.844,9.6756,9.6724,9.5168,0.827421307506053,0.820520581113801,0.732112590799031,0.731870460048426,0.720096852300242,"LC","LC","LC","LC","LC"
"54","AZd3","nat",220.1216,216.7732,216.07,215.3868,215.3684,215.2172,0.984788407861836,0.981593809966855,0.978490070942606,0.978406480781532,0.977719587718788,"LC","LC","LC","LC","LC"
"55","AZd4","nat",28.0788,26.8056,26.68,26.32,26.306,26.27,0.954656181888115,0.950183056255965,0.937361995526874,0.936863398720743,0.935581292647834,"LC","LC","LC","LC","LC"
"56","AZi1","nat",1363.9048,1228.31,1215.0272,1202.8604,1201.3252,1200.1276,0.900583383825616,0.890844580941426,0.881924016984177,0.880798425227333,0.879920358077778,"LC","LC","LC","LC","LC"
"57","AZi3","nat",1919.2856,1916.4824,1916.2628,1918.3268,1915.0608,1914.6164,0.998539456556127,0.998425038983255,0.999500439121723,0.997798764290213,0.997567219803035,"LC","LC","LC","LC","LC"
"58","AZi5","nat",5176.9952,4872.7072,4846.1312,4829.3608,4825.7488,4815.0392,0.94122304768604,0.936089567940878,0.932850159876525,0.93215245785818,0.930083767510544,"LC","LC","LC","LC","LC"
"59","AZi6","nat",5302.936,4679.0044,4604.9892,4554.0108,4543.3332,4534.9768,0.882342234565908,0.868384834363455,0.858771593698283,0.856758067606322,0.85518226129827,"LC","LC","LC","LC","LC"
"60","AZi7","nat",2130.1056,2001.3092,1995.2164,1985.2444,1984.6736,1983.6596,0.939535204264052,0.936674876588278,0.931993418542254,0.931725450606768,0.931249417869236,"LC","LC","LC","LC","LC"
"61","AZi8","nat",407.1792,181.9356,164.8276,146.2984,144.5692,143.7668,0.446819483902911,0.404803585251899,0.35929733149434,0.355050552680491,0.353079921567703,"VU","VU","VU","VU","VU"
"62","AZs3","nat",12.9664,12.0748,12.0156,11.976,11.9752,11.972,0.93123766041461,0.926672013820336,0.923617966436328,0.923556268509378,0.923309476801579,"LC","LC","LC","LC","LC"
"63","CB1","nat",2355.4844,1049.2892,917.1276,862.2444,848.6136,832.548,0.445466418712007,0.389358384203266,0.366058208664001,0.360271373480546,0.353450865562939,"VU","VU","VU","VU","VU"
"64","CB2","nat",1122.1012,501.3016,434.8344,411.364,407.9236,401.0516,0.44675257454497,0.38751798857358,0.366601515086162,0.363535481469942,0.357411256667402,"VU","VU","VU","VU","VU"
"65","CB3","nat",4141.8068,1125.1684,807.47,684.6244,677.9888,672.314,0.271661246970766,0.194955979115202,0.165296073201676,0.163693970467188,0.162323843787209,"EN","EN","EN","EN","EN"
"66","CB4","nat",1299.9024,708.1036,667.2452,646.3276,643.7312,641.0904,0.544735974023896,0.513304075752149,0.497212406100643,0.495215025374213,0.493183488237271,"LC","LC","VU","VU","VU"
"67","CB5","nat",1650.386,1016.9328,929.7136,903.3732,901.496,899.2332,0.616178760605095,0.56333100256546,0.547370857484249,0.546233426604443,0.54486235341308,"LC","LC","LC","LC","LC"
"68","CB6","nat",1121.1792,483.28,440.6516,414.2556,412.7432,411.5112,0.431046169961055,0.393025129256768,0.369482059602961,0.368133122697959,0.36703427962274,"VU","VU","VU","VU","VU"
"69","Dg1","nat",335.9332,335.6452,335.6452,333.036,333.016,332.8976,0.999142686700808,0.999142686700808,0.991375666352715,0.991316130706938,0.990963679683937,"LC","LC","LC","LC","LC"
"70","Dg10","nat",2094.648,2091.7496,2090.4224,2084.7316,2084.4008,2084.2796,0.998616283022255,0.997982668209647,0.995265839415501,0.995107913119531,0.995050051369013,"LC","LC","LC","LC","LC"
"71","Dg2","nat",361.43,361.4276,361.4276,361.418,361.398,361.3932,0.999993359710041,0.999993359710041,0.999966798550203,0.999911462800542,0.999898182220624,"LC","LC","LC","LC","LC"
"72","Dg3","nat",160.0684,159.6936,159.6936,156.5212,156.5132,156.4688,0.997658500990826,0.997658500990826,0.977839473625025,0.977789494990892,0.977512113571448,"LC","LC","LC","LC","LC"
"73","Dg4","nat",107.7996,107.52,107.5172,107.2488,107.242,107.1928,0.997406298353612,0.997380324231259,0.994890519074282,0.994827439062854,0.994371036627223,"LC","LC","LC","LC","LC"
"74","Dg5","nat",592.286,592.286,592.286,592.016,591.9524,591.9344,1,1,0.999544139148992,0.999436758592977,0.999406367869577,"LC","LC","LC","LC","LC"
"75","Dg6","nat",8.2236,8.2236,8.2236,8.1068,8.1068,8.1068,1,1,0.98579697456102,0.98579697456102,0.98579697456102,"LC","LC","LC","LC","LC"
"76","Dg7","nat",247.0048,246.0048,245.4416,244.1796,244.1176,244.0452,0.995951495679436,0.993671378046095,0.988562165593543,0.988311158325668,0.988018046612859,"LC","LC","LC","LC","LC"
"77","Dg8","nat",343.1992,343.1836,343.1836,342.9408,342.932,342.9244,0.999954545348591,0.999954545348591,0.999247084492038,0.999221443406628,0.999199298832864,"LC","LC","LC","LC","LC"
"78","Dg9","nat",1217.99,1211.024,1203.2272,1198.7404,1198.4944,1198.2608,0.994280741221192,0.98787937503592,0.984195600949105,0.983993628847528,0.983801837453509,"LC","LC","LC","LC","LC"
"79","Dn1","nat",17.0928,2.2132,2.1032,1.3744,1.3716,1.3532,0.129481419077038,0.123045960872414,0.0804081250585042,0.0802443133951137,0.0791678367499766,"EN","EN","CR","CR","CR"
"80","Dn2","nat",1.5428,1.2484,1.2336,1.0276,1.0224,1.01,0.809178117708063,0.799585169821105,0.666061705989111,0.662691210785585,0.654653876069484,"LC","LC","LC","LC","LC"
"81","Dn3","nat",139.9224,127.49,126.932,122.9108,122.8844,122.5984,0.911147893403772,0.907159968668348,0.878421182026609,0.878232506017621,0.876188515920253,"LC","LC","LC","LC","LC"
"82","Dn4","nat",217.0148,201.1044,200.7652,195.1304,195.1072,194.7612,0.926685184604921,0.925122157567134,0.899157108178797,0.899050203027628,0.897455841721394,"LC","LC","LC","LC","LC"
"83","Dn5","nat",418.2756,392.2988,389.8536,384.9772,384.9532,384.4044,0.937895492828174,0.932049586444918,0.920391244433096,0.920333865996486,0.919021812412677,"LC","LC","LC","LC","LC"
"84","FFa1","nat",180.0652,72.1232,61.3016,54.1184,53.1612,52.9628,0.40053936018731,0.340441129102125,0.300548912282884,0.295233060024924,0.29413123690752,"VU","VU","VU","EN","EN"
"85","FFa2","nat",501.6496,235.0628,192.3232,171.872,169.6896,168.948,0.468579661979198,0.383381547598164,0.342613649049057,0.338263202043817,0.336784879326127,"VU","VU","VU","VU","VU"
"86","FFa3","nat",477.154,189.6844,164.1436,140.9892,139.3292,136.9996,0.397532871986822,0.344005499272771,0.295479446887169,0.29200048621619,0.287118205023955,"VU","VU","EN","EN","EN"
"87","FFa4","nat",35.8392,13.1088,7.9916,5.288,5.176,5.122,0.365767093015469,0.222984888055537,0.147547936337865,0.144422866581843,0.142916136520904,"VU","EN","EN","EN","EN"
"88","FFb1","nat",279.0688,263.648,260.9748,258.6304,258.3268,258.2252,0.944741941772065,0.935162941898199,0.926762146108773,0.925674242337373,0.925310174408605,"LC","LC","LC","LC","LC"
"89","FFb2","nat",134.5308,129.2912,128.8256,128.3692,128.2904,128.2068,0.961052784938468,0.957591867438535,0.95419933576549,0.953613596291704,0.952992177256063,"LC","LC","LC","LC","LC"
"90","FFb3","nat",97.8776,97.8124,97.808,97.7444,97.72,97.7068,0.99933386188464,0.999288907778695,0.998639116610951,0.998389825659804,0.99825496334197,"LC","LC","LC","LC","LC"
"91","FFb4","nat",61.9624,55.4492,54.5776,54.188,54.0752,54.0568,0.89488463971699,0.880818044491498,0.874530360347566,0.872709901488645,0.872412947206693,"LC","LC","LC","LC","LC"
"92","FFb5","nat",108.3896,97.3924,96.5404,96.0748,95.86,95.8256,0.898540081336217,0.890679548591378,0.886383933513916,0.884402193568387,0.884084819945825,"LC","LC","LC","LC","LC"
"93","FFb6","nat",78.0444,34.536,31.1996,29.7744,29.3304,29.268,0.442517336285499,0.399767311940383,0.381505912019312,0.375816842720298,0.375017297845842,"VU","VU","VU","VU","VU"
"94","FFc1","nat",869.1648,472.4052,417.9464,391.334,389.0884,388.6148,0.543516258366653,0.480859786314402,0.450241427172384,0.447657797462576,0.447112906551209,"LC","VU","VU","VU","VU"
"95","FFd1","nat",1300.9768,1127.1256,1113.306,1107.9184,1107.2972,1106.6752,0.866368716183102,0.855746236212667,0.851605040151369,0.851127552774192,0.850649450474444,"LC","LC","LC","LC","LC"
"96","FFd10","nat",151.6788,37.8832,34.2408,31.0504,30.6976,29.776,0.249759359910548,0.225745456846969,0.204711535165099,0.202385567396367,0.196309569959678,"EN","EN","EN","EN","EN"
"97","FFd11","nat",76.61,65.0364,62.1544,60.1604,60.0304,60.0188,0.848928338337032,0.81130922856024,0.785281294870121,0.783584388461036,0.783432972196841,"LC","LC","LC","LC","LC"
"98","FFd2","nat",2055.6608,1027.738,818.9028,771.7904,760.3436,756.9556,0.49995505095004,0.398364749670763,0.37544637714549,0.369877948735511,0.368229816903645,"VU","VU","VU","VU","VU"
"99","FFd3","nat",1009.5924,705.8824,659.6652,642.314,639.8112,638.2968,0.699175627708766,0.653397549347638,0.636211207612102,0.633732187365911,0.632232176074226,"LC","LC","LC","LC","LC"
"100","FFd4","nat",689.0436,372.9324,358.52,335.8012,333.228,330.844,0.541231933654126,0.520315405295108,0.487343906829698,0.483609455192676,0.480149587050805,"LC","LC","VU","VU","VU"
"101","FFd5","nat",556.9336,172.2464,132.548,93.2976,91.812,88.866,0.309276366159269,0.237996055544144,0.167520149619272,0.164852686208913,0.15956300715202,"VU","EN","EN","EN","EN"
"102","FFd6","nat",88.5808,60.2156,56.2124,52.3056,51.6908,51.4168,0.679781623105684,0.634588985423478,0.590484619691852,0.58354406372487,0.580450842620523,"LC","LC","LC","LC","LC"
"103","FFd7","nat",247.4448,133.0232,128.0444,120.5756,119.77,119.5484,0.537587373022185,0.517466521826282,0.487282820249203,0.484027144639936,0.483131591369065,"LC","LC","VU","VU","VU"
"104","FFd8","nat",97.686,46.9772,45.5852,43.8228,43.4952,43.4192,0.480900026615892,0.466650287656368,0.448608807812788,0.44525520545421,0.444477202465041,"VU","VU","VU","VU","VU"
"105","FFd9","nat",517.29,295.608,282.4656,265.0924,264.364,264.1432,0.571455083222177,0.546048831409848,0.51246380173597,0.511055694098088,0.510628854221037,"LC","LC","LC","LC","LC"
"106","FFf1","nat",694.0016,280.7784,258.8616,236.0696,233.9056,233.5072,0.404578894342607,0.372998563692072,0.34015714084809,0.337038992417309,0.336464930340218,"VU","VU","VU","VU","VU"
"107","FFf2","nat",40.588,21.1192,20.0152,19.4436,19.4044,19.376,0.52033113235439,0.493130974672317,0.479047994481127,0.478082191780822,0.47738247757958,"LC","VU","VU","VU","VU"
"108","FFg1","nat",64.8176,64.1628,64.0716,64.0356,64.024,64.0224,0.989897805534299,0.988490780281899,0.987935375577004,0.98775641183876,0.987731727185209,"LC","LC","LC","LC","LC"
"109","FFg2","nat",523.9892,323.228,297.9936,282.3864,280.9016,279.5672,0.616860042153541,0.568701797670639,0.538916450949752,0.536082804760098,0.533536187387068,"LC","LC","LC","LC","LC"
"110","FFg3","nat",91.7956,37.632,34.3492,31.4272,31.3424,31.2132,0.409954289748093,0.374192227078422,0.34236063602177,0.341436844467491,0.340029369599414,"VU","VU","VU","VU","VU"
"111","FFg4","nat",16.934,14.7308,14.2204,14.1388,14.1352,14.1344,0.869894886028109,0.8397543403803,0.834935632455415,0.834723042399905,0.834675800165348,"LC","LC","LC","LC","LC"
"112","FFg5","nat",498.2224,235.242,202.7332,180.4428,178.5104,177.678,0.472162632591389,0.406913057301318,0.362173198154077,0.358294608993895,0.356623869179708,"VU","VU","VU","VU","VU"
"113","FFh1","nat",427.9772,229.4964,212.8908,200.652,199.2624,198.7996,0.53623510785154,0.497434910083995,0.468838059597567,0.465591157659801,0.464509791643106,"LC","VU","VU","VU","VU"
"114","FFh10","nat",283.2676,278.9864,278.5096,278.0868,278.0152,277.9484,0.984886375992171,0.983203161957103,0.981710580384061,0.981457815860338,0.981221996444351,"LC","LC","LC","LC","LC"
"115","FFh11","nat",12.6292,6.1292,6.0388,5.5004,5.3908,5.3668,0.485319735216799,0.478161720457353,0.435530358217464,0.426852057137427,0.42495169923669,"VU","VU","VU","VU","VU"
"116","FFh2","nat",106.534,102.0516,101.7328,101.306,101.2844,101.2808,0.957925169429478,0.954932697542568,0.950926464790583,0.950723712617568,0.950689920588732,"LC","LC","LC","LC","LC"
"117","FFh3","nat",75.1268,65.6788,65.1164,63.7652,63.714,63.6852,0.87423928611361,0.866753275795056,0.848767683436537,0.848086168983638,0.847702817103883,"LC","LC","LC","LC","LC"
"118","FFh4","nat",316.876,230.734,211.3012,204.5084,203.862,203.6124,0.728152337191835,0.66682614019364,0.645389363662758,0.643349448995822,0.642561759173936,"LC","LC","LC","LC","LC"
"119","FFh5","nat",84.0044,41.6704,38.8444,36.4568,36.1088,35.8028,0.496050206893925,0.462409111903662,0.433986791168082,0.429844151020661,0.426201484684136,"VU","VU","VU","VU","VU"
"120","FFh6","nat",279.4916,98.46,82.848,69.446,67.5152,67.108,0.352282501513462,0.296423935459957,0.248472583791427,0.241564326083503,0.240107394998633,"VU","EN","EN","EN","EN"
"121","FFh7","nat",266.618,165.4496,156.1416,148.8364,148.3028,148.176,0.620549250238169,0.585637878912902,0.558238378504077,0.556237013254919,0.555761426460329,"LC","LC","LC","LC","LC"
"122","FFh8","nat",186.7676,150.8172,147.262,144.684,144.5036,144.4432,0.807512652087407,0.788477230526066,0.774673979855178,0.773708073563081,0.773384676999651,"LC","LC","LC","LC","LC"
"123","FFh9","nat",563.6392,296.6856,269.4576,247.882,245.5312,243.7668,0.526375028564372,0.478067529724689,0.439788432032407,0.435617678827165,0.432487307483227,"LC","VU","VU","VU","VU"
"124","FFl1","nat",286.9588,264.8408,262.9836,258.1172,257.5984,257.4524,0.922922733158906,0.916450723936677,0.899492191910476,0.897684266870366,0.897175483031014,"LC","LC","LC","LC","LC"
"125","FFl2","nat",694.2568,668.6096,667.2504,662.2,661.8244,661.6104,0.963058049989572,0.961100272982562,0.953825731343215,0.953284721157935,0.952976477868132,"LC","LC","LC","LC","LC"
"126","FFl3","nat",791.6736,651.548,641.656,623.1776,622.448,622.3644,0.823000792245693,0.810505743781275,0.7871648113566,0.786243219427805,0.78613762035263,"LC","LC","LC","LC","LC"
"127","FFq1","nat",49.024,49.024,49.024,49.024,49.024,49.024,1,1,1,1,1,"LC","LC","LC","LC","LC"
"128","FFq2","nat",1646.1872,1624.1432,1621.35,1617.9196,1617.482,1617.4104,0.986609056369774,0.984912287010857,0.982828441382608,0.982562614992997,0.982519120547165,"LC","LC","LC","LC","LC"
"129","FFq3","nat",1268.0852,1252.3672,1251.4956,1250.0196,1249.8856,1249.804,0.987604933800978,0.986917598281251,0.985753638635637,0.985647967502499,0.985583618513961,"LC","LC","LC","LC","LC"
"130","FFq4","nat",97.856,92.78,92.0184,91.4272,91.3576,91.3208,0.948127861347286,0.940344996729889,0.934303466317855,0.933592217135383,0.933216154349248,"LC","LC","LC","LC","LC"
"131","FFq5","nat",388.8108,388.4992,388.4596,388.3716,388.3248,388.316,0.999198581932395,0.999096732909683,0.9988704017481,0.998750034721258,0.998727401605099,"LC","LC","LC","LC","LC"
"132","FFq6","nat",683.2776,673.2128,671.7848,669.6812,669.522,668.574,0.985269822982635,0.983179896428626,0.980101206303265,0.979868211690241,0.978480781456907,"LC","LC","LC","LC","LC"
"133","FFs1","nat",1014.1516,847.4148,809.5972,801.8964,801.0928,800.52,0.835589866446003,0.798299978030898,0.790706635970401,0.789914249506681,0.789349442430501,"LC","LC","LC","LC","LC"
"134","FFs10","nat",1050.6224,1015.8664,1012.8076,1009.646,1009.1724,1008.654,0.966918656978949,0.96400723989894,0.960997976056859,0.960547195643268,0.960053773839202,"LC","LC","LC","LC","LC"
"135","FFs11","nat",914.2348,780.0604,770.7732,765.004,764.088,763.5196,0.853238577223269,0.843080136525103,0.836769722613928,0.835767791818907,0.835146069696756,"LC","LC","LC","LC","LC"
"136","FFs12","nat",1179.408,1074.5392,1066.5108,1052.188,1050.5472,1049.864,0.911083526650659,0.904276382727606,0.892132324013403,0.890741117577632,0.89016184390813,"LC","LC","LC","LC","LC"
"137","FFs13","nat",531.504,523.9964,522.7864,521.0416,520.8932,520.876,0.985874800565941,0.983598241969957,0.980315482103615,0.980036274421265,0.980003913423041,"LC","LC","LC","LC","LC"
"138","FFs14","nat",358.8828,338.6644,335.4396,333.4736,333.2388,333.1052,0.943662945117459,0.934677281831283,0.929199170314097,0.928544917728016,0.928172651350246,"LC","LC","LC","LC","LC"
"139","FFs15","nat",993.5776,926.69,915.4812,907.226,906.6148,906.3568,0.932680044316619,0.921398791599166,0.913090230697633,0.912475079953493,0.912215412263723,"LC","LC","LC","LC","LC"
"140","FFs16","nat",1215.3228,1181.2892,1177.8348,1173.9212,1173.596,1173.312,0.971996246593909,0.969153874180588,0.965933659765126,0.965666076535386,0.965432393764027,"LC","LC","LC","LC","LC"
"141","FFs17","nat",107.4468,101.5704,101.0436,100.3672,100.3344,100.296,0.945308748143267,0.94040585666581,0.934110648246388,0.933805380895476,0.933447994728554,"LC","LC","LC","LC","LC"
"142","FFs18","nat",878.8052,753.5552,744.0512,733.4592,732.74,732.3164,0.857476947109553,0.846662263718967,0.83460953576515,0.833791151895778,0.833309133810314,"LC","LC","LC","LC","LC"
"143","FFs19","nat",1571.0644,1101.832,1077.3556,1052.866,1050.336,1047.7296,0.701328347838574,0.685748846450852,0.670160943116017,0.668550569919349,0.666891567271208,"LC","LC","LC","LC","LC"
"144","FFs2","nat",1343.1468,1030.8712,975.6896,947.7932,939.6116,937.778,0.767504490201667,0.72642067121777,0.705651236335447,0.699559869405191,0.698194717062945,"LC","LC","LC","LC","LC"
"145","FFs20","nat",2298.4988,1658.1356,1598.6864,1575.6908,1569.6316,1567.7116,0.721399375975311,0.695535016159243,0.685530399232751,0.682894243842981,0.682058916019447,"LC","LC","LC","LC","LC"
"146","FFs21","nat",318.3396,318.2476,318.214,318.086,318.0468,318.0388,0.999711000453604,0.999605452793181,0.99920336646776,0.999080227530599,0.99905509713526,"LC","LC","LC","LC","LC"
"147","FFs22","nat",388.3256,385.8332,385.8232,385.4152,385.3908,385.3768,0.993581674759532,0.993555923173749,0.992505258473817,0.992442424604507,0.992406372384411,"LC","LC","LC","LC","LC"
"148","FFs23","nat",852.1924,847.862,847.2812,846.3536,846.1904,846.108,0.994918518400305,0.99423698216506,0.993148495574474,0.992956989524901,0.992860297744969,"LC","LC","LC","LC","LC"
"149","FFs24","nat",1084.7884,1083.5444,1083.3672,1082.5308,1082.396,1082.2572,0.998853232575127,0.998689882745796,0.997918856801935,0.997794592936281,0.997666641715564,"LC","LC","LC","LC","LC"
"150","FFs25","nat",332.5684,331.2896,331.1432,330.9492,330.9168,330.9052,0.996154775979919,0.995714565785565,0.995131227140041,0.995033803572438,0.994998923529716,"LC","LC","LC","LC","LC"
"151","FFs26","nat",304.1844,290.0796,288.5168,287.234,287.0992,287.084,0.953630758184838,0.948493085115476,0.944275906325242,0.943832754079433,0.943782784389995,"LC","LC","LC","LC","LC"
"152","FFs27","nat",2402.9412,2197.2576,2182.932,2164.1368,2161.7728,2155.9756,0.914403398634973,0.908441704690901,0.900619956909474,0.899636162549462,0.897223619121433,"LC","LC","LC","LC","LC"
"153","FFs28","nat",4052.18,3752.0192,3721.6912,3703.386,3698.8704,3696.5036,0.925926094102434,0.918441727662641,0.913924356765988,0.912809993633057,0.912225912965367,"LC","LC","LC","LC","LC"
"154","FFs29","nat",334.1964,164.0824,144.5876,133.2308,132.838,131.6812,0.490975965031341,0.432642601775483,0.398660189038541,0.397484832272281,0.394023394626633,"VU","VU","VU","VU","VU"
"155","FFs3","nat",498.2384,474.1984,472.0324,470.1596,469.4724,469.3428,0.9517500056198,0.947402689154429,0.943643845998221,0.942264586591479,0.94200447014923,"LC","LC","LC","LC","LC"
"156","FFs30","nat",37.5252,37.5252,37.5252,37.4912,37.4848,37.4804,1,1,0.999093942204172,0.998923390148487,0.998806135610203,"LC","LC","LC","LC","LC"
"157","FFs31","nat",50.8348,50.8348,50.8348,50.828,50.7904,50.79,1,1,0.999866233367693,0.999126582577289,0.99911871395186,"LC","LC","LC","LC","LC"
"158","FFs32","nat",547.9488,412.8172,366.306,360.442,357.5984,354.3128,0.753386447784903,0.668504064613336,0.657802334816684,0.65261279886004,0.646616618194985,"LC","LC","LC","LC","LC"
"159","FFs4","nat",2523.64,2284.3552,2259.062,2238.5196,2233.7616,2232.7588,0.905182672647446,0.895160165475266,0.887020177204356,0.88513480528126,0.884737442741437,"LC","LC","LC","LC","LC"
"160","FFs5","nat",1135.986,1065.9308,1059.318,1051.976,1051.2628,1051.0576,0.938330930134702,0.932509731634017,0.926046623814026,0.925418799175342,0.925238163146377,"LC","LC","LC","LC","LC"
"161","FFs6","nat",422.8764,383.2364,377.4512,371.6348,370.938,370.706,0.906261025680317,0.89258043248571,0.878826058867319,0.87717829606949,0.876629672405459,"LC","LC","LC","LC","LC"
"162","FFs7","nat",394.0712,375.8132,373.3496,371.3628,371.17,371.0828,0.953668271114459,0.947416608978276,0.942374880478452,0.941885628789924,0.94166434898059,"LC","LC","LC","LC","LC"
"163","FFs8","nat",319.7464,316.99,316.5036,315.9276,315.8412,315.7336,0.991379418188915,0.989858212633512,0.988056785002114,0.987786570857405,0.987450054167928,"LC","LC","LC","LC","LC"
"164","FFs9","nat",219.4464,206.5656,204.9768,203.54,203.404,203.276,0.941303206614462,0.934063169867448,0.927515785175788,0.926896043863103,0.926312757921752,"LC","LC","LC","LC","LC"
"165","FFt1","nat",404.9544,397.7252,396.6444,395.8584,395.7816,395.7416,0.982148113466603,0.979479170988141,0.977538211709763,0.977348560726837,0.97724978417323,"LC","LC","LC","LC","LC"
"166","FFt2","nat",211.1624,184.3552,183.2752,182.4516,181.6072,181.5708,0.873049368637598,0.867934821729626,0.864034506143139,0.860035688171758,0.859863308998193,"LC","LC","LC","LC","LC"
"167","FOa1","nat",176.5124,150.1868,134.9612,133.9124,133.7084,133.4168,0.850856936963069,0.764598974349677,0.758657182158307,0.757501455988361,0.755849447404262,"LC","LC","LC","LC","LC"
"168","FOa2","nat",100.4988,78.1504,73.7624,73.0152,72.8896,72.8692,0.77762520547509,0.733962992592946,0.726528077947199,0.725278311780837,0.725075324282479,"LC","LC","LC","LC","LC"
"169","FOa3","nat",23.8196,21.5984,20.992,20.7156,20.6628,20.558,0.906749063796201,0.881291037632874,0.869687148398798,0.867470486490117,0.863070748459252,"LC","LC","LC","LC","LC"
"170","FOz1","nat",788.0828,639.3076,635.1924,632.7956,632.4848,632.212,0.811218821169552,0.805997034829335,0.802955730032428,0.802561355228156,0.802215198707547,"LC","LC","LC","LC","LC"
"171","FOz2","nat",214.0732,185.4848,182.878,182.4964,182.454,182.4208,0.866455025664119,0.85427788251869,0.852495314686752,0.852297251594314,0.852142164455896,"LC","LC","LC","LC","LC"
"172","FOz3","nat",1062.2748,893.0796,885.7284,884.67,884.4928,884.3512,0.84072369974323,0.833803456506734,0.832807104150451,0.832640292323606,0.832506993482289,"LC","LC","LC","LC","LC"
"173","FOz4","nat",389.3584,291.5964,289.4344,289.0336,288.9716,288.9104,0.748915138340408,0.74336241365282,0.742333027873548,0.742173791550407,0.7420166098895,"LC","LC","LC","LC","LC"
"174","FOz5","nat",1029.478,954.1424,947.846,946.6192,946.326,946.1864,0.926821554224568,0.920705444895374,0.91951377299952,0.919228968467515,0.919093365764009,"LC","LC","LC","LC","LC"
"175","FOz6","nat",185.2344,153.5564,151.6972,151.0108,150.932,150.9288,0.828984249145947,0.818947236582406,0.815241661376073,0.814816254432222,0.814798979023335,"LC","LC","LC","LC","LC"
"176","FOz7","nat",680.3208,560.2936,523.4512,517.5788,516.17,514.9484,0.823572643964436,0.769418192123481,0.760786381953925,0.758715594172631,0.756919970696177,"LC","LC","LC","LC","LC"
"177","FOz8","nat",265.4308,251.3768,245.148,244.6808,244.4464,244.2452,0.947052113017781,0.92358535633393,0.921825198884229,0.920942106191143,0.920184093179842,"LC","LC","LC","LC","LC"
"178","FOz9","nat",81.6428,81.272,81.2672,81.2672,81.2604,81.2604,0.995458264537718,0.99539947184565,0.99539947184565,0.995316182198553,0.995316182198553,"LC","LC","LC","LC","LC"
"179","FRa1","nat",497.676,236.7732,197.936,178.5072,175.2748,174.4068,0.475757721891351,0.397720605373777,0.358681551853013,0.3521865631455,0.350442456537989,"VU","VU","VU","VU","VU"
"180","FRa2","nat",63.072,40.868,39.2772,36.7452,36.5952,36.5332,0.647957889396246,0.622735920852359,0.582591324200913,0.580213089802131,0.579230086250634,"LC","LC","LC","LC","LC"
"181","FRc1","nat",101.0616,20.6876,16.0828,13.0508,12.8756,12.802,0.204702874286574,0.159138584783934,0.12913708075075,0.127403484607408,0.126675215907921,"EN","EN","EN","EN","EN"
"182","FRc2","nat",209.756,42.454,32.1036,28.7568,28.5356,28.494,0.202397070882359,0.153052117698659,0.137096435858807,0.13604187722878,0.13584355155514,"EN","EN","EN","EN","EN"
"183","FRd1","nat",219.4944,202.4236,198.6048,197.4632,197.3924,197.2376,0.922226717401446,0.90482855143457,0.899627507581059,0.899304948098904,0.898599690926055,"LC","LC","LC","LC","LC"
"184","FRd2","nat",578.926,566.6,565.9832,565.3716,565.3448,565.3256,0.978708850526665,0.977643429384757,0.976586990392554,0.976540697774845,0.976507532914397,"LC","LC","LC","LC","LC"
"185","FRg1","nat",305.5396,262.0808,255.3204,253.2452,252.86,252.788,0.857763772682821,0.835637671843519,0.828845753545531,0.82758503316755,0.827349384498769,"LC","LC","LC","LC","LC"
"186","FRg2","nat",951.3408,232.6704,194.9908,157.524,154.9304,153.8836,0.244571030696886,0.204964193693785,0.165581040989727,0.162854783480326,0.161754441731081,"EN","EN","EN","EN","EN"
"187","FRg3","nat",19.1756,18.9984,18.8536,18.8348,18.8336,18.8332,0.990759089676464,0.983207826612987,0.982227414005298,0.982164834477148,0.982143974634431,"LC","LC","LC","LC","LC"
"188","FRl1","nat",501.6888,446.2368,439.4828,433.6192,433.0896,432.6812,0.889469328396408,0.876006799434231,0.864319075889276,0.863263441400326,0.862449390937171,"LC","LC","LC","LC","LC"
"189","FRs1","nat",207.306,200.3152,196.9488,196.2448,196.1052,196.0464,0.966277869429732,0.950039072675176,0.94664312658582,0.945969725912419,0.945686087233365,"LC","LC","LC","LC","LC"
"190","FRs10","nat",25.2736,4.1324,3.7092,2.6216,2.5512,2.5132,0.163506583945303,0.146761838440111,0.103728792099266,0.100943276778931,0.0994397315776146,"EN","EN","EN","EN","CR"
"191","FRs11","nat",1193.6704,234.0652,185.01,155.7532,153.548,153.0492,0.196088635522838,0.154992533952421,0.130482585477532,0.128635174332881,0.128217303537057,"EN","EN","EN","EN","EN"
"192","FRs12","nat",2027.506,311.8648,240.3904,199.5524,196.234,195.7052,0.153816955412216,0.1185645813132,0.09842259406384,0.0967859034695828,0.0965250904312983,"EN","EN","CR","CR","CR"
"193","FRs13","nat",2762.57,605.7076,455.82,401.7824,398.3344,397.7656,0.219255113897566,0.1649985339738,0.145437907455739,0.144189794285756,0.143983899050522,"EN","EN","EN","EN","EN"
"194","FRs14","nat",866.5308,402.4664,349.238,328.2744,326.7788,326.5452,0.464457120277779,0.403030105796586,0.3788375439165,0.377111581030934,0.376842000307433,"VU","VU","VU","VU","VU"
"195","FRs15","nat",276.4104,266.4712,265.6312,264.466,264.3352,264.244,0.964041873967116,0.961002914506835,0.95678744359836,0.956314234196687,0.955984290026714,"LC","LC","LC","LC","LC"
"196","FRs16","nat",1347.8644,1138.6972,1121.8012,1106.1484,1104.8436,1104.1168,0.844815843492862,0.832280457885823,0.820667420253848,0.819699370352092,0.819160146970274,"LC","LC","LC","LC","LC"
"197","FRs17","nat",207.1384,81.99,73.4424,64.9092,64.3528,64.1688,0.395822310107638,0.35455714633308,0.313361501295752,0.310675374532197,0.309787079556471,"VU","VU","VU","VU","VU"
"198","FRs18","nat",118.7224,118.688,118.6804,118.6776,118.6768,118.6764,0.999710248445112,0.999646233566707,0.999622649137821,0.999615910729568,0.999612541525441,"LC","LC","LC","LC","LC"
"199","FRs19","nat",373.15,177.624,162.5376,158.1052,156.052,155.8908,0.476012327482246,0.435582473536112,0.423704140426102,0.418201795524588,0.417769797668498,"VU","VU","VU","VU","VU"
"200","FRs2","nat",218.8368,118.3448,106.4268,104.63,104.4872,104.3384,0.540790214442909,0.486329538724748,0.478118853867357,0.477466312795654,0.476786354031863,"LC","VU","VU","VU","VU"
"201","FRs20","nat",46.9912,16.0672,13.2532,11.6716,11.5236,11.4372,0.341919338088834,0.282035785423654,0.248378419789237,0.245228893920564,0.243390251791825,"VU","EN","EN","EN","EN"
"202","FRs3","nat",3217.472,3162.512,3154.8108,3149.6392,3148.9484,3148.2664,0.982918266266187,0.980524710082947,0.978917361207805,0.978702658484674,0.978490690828079,"LC","LC","LC","LC","LC"
"203","FRs4","nat",491.7496,254.0312,232.4208,213.4232,211.8412,211.3784,0.516586490360135,0.472640547140252,0.434007877179768,0.430790792712389,0.429849663324586,"LC","VU","VU","VU","VU"
"204","FRs5","nat",1236.5136,1202.46,1201.8516,1199.5956,1199.3404,1199.1376,0.97245998750034,0.971967958945215,0.97014347436211,0.9699370876309,0.969773078112525,"LC","LC","LC","LC","LC"
"205","FRs6","nat",2095.8456,1840.392,1825.8288,1811.7352,1810.7776,1809.988,0.878114303839939,0.871165700374111,0.864441159215164,0.863984255328732,0.863607510018868,"LC","LC","LC","LC","LC"
"206","FRs7","nat",1607.8492,1342.7576,1320.1652,1295.5628,1294.2568,1293.4608,0.835126577791002,0.821075260043044,0.805773825057723,0.804961559827874,0.804466488523924,"LC","LC","LC","LC","LC"
"207","FRs8","nat",1049.7592,677.6008,636.6988,618.6968,617.2852,616.4812,0.645482125805613,0.606518904525914,0.589370209853841,0.588025520519373,0.587259630589568,"LC","LC","LC","LC","LC"
"208","FRs9","nat",4963.7544,805.8872,616.038,498.2292,489.5764,486.2376,0.162354366283715,0.124107268482099,0.100373459250925,0.0986302626092862,0.0979576265900666,"EN","EN","EN","CR","CR"
"209","FS1","nat",354.2776,269.7356,248.5536,236.9268,236.1392,235.792,0.761367921652399,0.701578649059382,0.668760316768545,0.666537201335902,0.665557178890226,"LC","LC","LC","LC","LC"
"210","FS10","nat",322.876,311.78,309.2904,306.1472,306.0088,305.542,0.965633865632627,0.957923165549623,0.948188158921691,0.94775951139137,0.946313755125807,"LC","LC","LC","LC","LC"
"211","FS11","nat",39.6004,39.5996,39.5996,39.51,39.4644,39.448,0.999979798183857,0.999979798183857,0.99771719477581,0.996565691255644,0.996151554024707,"LC","LC","LC","LC","LC"
"212","FS12","nat",119.0592,98.6836,94.8068,91.7228,91.3728,91.0064,0.82886160834274,0.796299655969467,0.770396575821104,0.767456861796484,0.764379401171854,"LC","LC","LC","LC","LC"
"213","FS13","nat",41.644,36.5936,35.8892,35.256,35.23,35.1444,0.878724426087792,0.861809624435693,0.846604552876765,0.845980213236,0.843924695034099,"LC","LC","LC","LC","LC"
"214","FS14","nat",96.9252,90.4544,85.8384,85.1672,85.0996,84.9324,0.933239240156327,0.885614886531057,0.878689958854869,0.877992513814777,0.876267472236322,"LC","LC","LC","LC","LC"
"215","FS2","nat",298.8244,96.7788,85.3932,78.9872,78.6932,78.3044,0.323865119448077,0.285763813129048,0.264326474009485,0.263342618608119,0.262041520036516,"VU","EN","EN","EN","EN"
"216","FS3","nat",1643.4048,681.9708,615.7756,587.502,583.5696,580.8488,0.414974326471482,0.374695023405067,0.357490741173447,0.355097904058696,0.353442316829061,"VU","VU","VU","VU","VU"
"217","FS4","nat",61.564,51.0856,50.4092,49.6488,49.5944,49.5296,0.829796634396725,0.818809693977,0.806458319797284,0.8055746865051,0.804522123318823,"LC","LC","LC","LC","LC"
"218","FS5","nat",342.2724,305.9408,297.7072,294.3276,293.57,293.0008,0.893851797574096,0.869796103921905,0.859922097136667,0.857708655445195,0.856045652527052,"LC","LC","LC","LC","LC"
"219","FS6","nat",394.2892,265.5116,222.0696,192.13,189.02,183.1524,0.673393032322468,0.563215020852714,0.487281924029367,0.479394312601005,0.464512849958863,"LC","LC","VU","VU","VU"
"220","FS7","nat",46.8288,39.3972,38.3944,37.5808,37.5596,37.4948,0.84130278802788,0.819888615552822,0.802514691813585,0.802061978953123,0.800678215115484,"LC","LC","LC","LC","LC"
"221","FS9","nat",27.99,14.8516,13.5296,12.4376,12.3868,12.3604,0.53060378706681,0.483372633083244,0.444358699535548,0.442543765630582,0.441600571632726,"LC","VU","VU","VU","VU"
"222","Gd1","nat",5026.9468,4397.3812,4294.7836,4241.9476,4226.5148,4202.9276,0.87476183356466,0.854352307846186,0.843841753009998,0.840771738423808,0.836079586121739,"LC","LC","LC","LC","LC"
"223","Gd10","nat",2830.788,2755.7328,2755.7328,2755.526,2755.4296,2753.284,0.973486110581223,0.973486110581223,0.973413056717776,0.973379002595744,0.972621051099553,"LC","LC","LC","LC","LC"
"224","Gd2","nat",158.3236,156.1032,154.554,153.9484,153.858,153.586,0.985975558918569,0.97619053634455,0.972365459097696,0.971794476628879,0.970076476280226,"LC","LC","LC","LC","LC"
"225","Gd3","nat",2966.1812,2479.3892,2437.634,2414.0252,2411.2724,2409.262,0.835885953292402,0.821808863194197,0.813849538254777,0.812921476273938,0.812243702441375,"LC","LC","LC","LC","LC"
"226","Gd4","nat",6647.026,6156.9512,6058.0144,6007.3948,5999.4244,5993.8588,0.926271568668454,0.911387197823508,0.903771822165281,0.902572729518434,0.901735422728902,"LC","LC","LC","LC","LC"
"227","Gd5","nat",1237.522,1128.8028,1123.1604,1117.4256,1116.5988,1116.0928,0.912147662829428,0.907588228734519,0.902954129300328,0.902286019965706,0.901877138345823,"LC","LC","LC","LC","LC"
"228","Gd6","nat",21.6172,21.5512,21.5488,21.548,21.548,21.5476,0.996946875636068,0.996835852931925,0.996798845363877,0.996798845363877,0.996780341579853,"LC","LC","LC","LC","LC"
"229","Gd7","nat",1346.9464,1346.3916,1346.2224,1346.0288,1345.9808,1345.922,0.999588105361876,0.999462487891129,0.999318755371409,0.999283119209495,0.99923946491115,"LC","LC","LC","LC","LC"
"230","Gd8","nat",20169.2884,17303.9932,17297.3804,17292.468,17291.8632,17291.3664,0.857937714847689,0.857609850033182,0.857366291613937,0.857336305429596,0.857311673921029,"LC","LC","LC","LC","LC"
"231","Gd9","nat",2208.2908,1855.9928,1855.9928,1855.9928,1855.9928,1855.9928,0.840465757498967,0.840465757498967,0.840465757498967,0.840465757498967,0.840465757498967,"LC","LC","LC","LC","LC"
"232","Gh1","nat",8370.6212,8182.4556,8162.5608,8145.6308,8141.3984,8138.5332,0.977520712560736,0.975143971393664,0.973121421382681,0.97261579582648,0.972273503428873,"LC","LC","LC","LC","LC"
"233","Gh10","nat",25965.724,7280.0324,6322.368,5956.364,5872.66,5813.4168,0.280370861216887,0.243488993413009,0.229393334073797,0.226169699716442,0.223888107260171,"EN","EN","EN","EN","EN"
"234","Gh11","nat",923.5568,478.7988,439.9816,423.7476,420.0992,416.9716,0.518429185947199,0.476399069337154,0.458821374061671,0.454870994399045,0.451484521580048,"LC","VU","VU","VU","VU"
"235","Gh12","nat",329.4952,245.7636,232.8736,224.0544,221.954,221.1288,0.745879150895066,0.706758702402948,0.679992910367131,0.673618310676453,0.671113873586019,"LC","LC","LC","LC","LC"
"236","Gh13","nat",3766.2224,2306.3724,2208.18,2145.5384,2131.164,2123.7648,0.612383485372505,0.586311631517034,0.569679156493785,0.565862493940878,0.563897872839373,"LC","LC","LC","LC","LC"
"237","Gh14","nat",9187.4096,4187.3196,3888.9904,3732.7136,3700.264,3675.5048,0.455767162051858,0.423295637107548,0.406285750011625,0.40275378600732,0.400058880579353,"VU","VU","VU","VU","VU"
"238","Gh15","nat",8598.4796,5950.2648,5659.708,5517.9052,5492.8644,5468.9772,0.692013597380635,0.658221948912922,0.641730335674693,0.638818099888264,0.636040027355534,"LC","LC","LC","LC","LC"
"239","Gh2","nat",7163.2324,5891.2572,5755.924,5685.028,5669.4836,5660.4316,0.822429996826572,0.803537241092443,0.793640033234158,0.791470007311224,0.790206331990569,"LC","LC","LC","LC","LC"
"240","Gh3","nat",13392.4368,12579.0656,12474.4728,12395.2932,12378.9708,12357.1816,0.939266377572153,0.931456536722279,0.925544274362378,0.924325496910316,0.922698518913302,"LC","LC","LC","LC","LC"
"241","Gh4","nat",9677.7704,9336.4172,9302.0416,9263.8896,9258.3208,9249.242,0.964728115475854,0.961176098990735,0.957233868660492,0.956658446867059,0.955720338229971,"LC","LC","LC","LC","LC"
"242","Gh5","nat",4949.5984,2822.7828,2657.3024,2601.1916,2587.7776,2576.7764,0.570305421142855,0.536872324833465,0.525535889942101,0.5228257710767,0.52060312610413,"LC","LC","LC","LC","LC"
"243","Gh6","nat",16012.9004,11245.462,10771.5056,10567.0592,10518.8544,10488.0812,0.702275148104962,0.672676737563421,0.659909131764786,0.656898758953125,0.654976983432683,"LC","LC","LC","LC","LC"
"244","Gh7","nat",1571.9508,1336.1324,1312.8352,1292.1448,1287.8068,1286.1452,0.849983599995623,0.835163034364689,0.822000790355525,0.819241162000745,0.818184131462639,"LC","LC","LC","LC","LC"
"245","Gh8","nat",80.4668,70.7332,69.058,66.4928,66.2432,66.1308,0.879035825955549,0.858217302042582,0.826338315926568,0.823236415515467,0.821839566131622,"LC","LC","LC","LC","LC"
"246","Gh9","nat",7074.3048,5532.5328,5409.5324,5344.7948,5322.0924,5306.9972,0.782060281032844,0.764673357020184,0.755522267007777,0.752313131885412,0.750179325041239,"LC","LC","LC","LC","LC"
"247","Gm1","nat",4268.0984,2955.0616,2869.5492,2828.2592,2819.8516,2813.2064,0.692360232369525,0.672324986696652,0.662650889210989,0.66068101897557,0.659124072678362,"LC","LC","LC","LC","LC"
"248","Gm10","nat",1093.2008,320.5488,244.8032,191.496,187.4896,183.1432,0.293220422085311,0.223932510843388,0.175170014511515,0.171505180018163,0.167529332214173,"EN","EN","EN","EN","EN"
"249","Gm11","nat",10508.8704,5015.5244,4524.9156,4291.7392,4240.3376,4209.3672,0.47726579633145,0.430580588376083,0.408392057056865,0.403500798715721,0.400553726497569,"VU","VU","VU","VU","VU"
"250","Gm12","nat",12772.3408,4776.8264,4201.6852,3851.0776,3774.9456,3707.4124,0.37399772483365,0.328967513926656,0.301516977999835,0.295556285187755,0.290268828404579,"VU","VU","VU","EN","EN"
"251","Gm13","nat",3927.052,2316.5632,2222.6736,2149.9184,2135.0956,2126.2596,0.589898784126108,0.565990366310403,0.547463695413251,0.543689159196262,0.541439125328618,"LC","LC","LC","LC","LC"
"252","Gm14","nat",3750.41,3144.5436,3055.6776,2986.1004,2961.5316,2950.1124,0.838453289107058,0.814758279761413,0.796206388101568,0.789655424340272,0.786610637236995,"LC","LC","LC","LC","LC"
"253","Gm15","nat",4216.8496,2624.2452,2151.1392,2005.8116,1983.8856,1967.0736,0.622323641801216,0.510129457782891,0.475665909450505,0.470466293130303,0.466479430520832,"LC","LC","VU","VU","VU"
"254","Gm16","nat",9654.236,5975.7136,5576.0644,5378.8324,5353.44,5328.8756,0.618973225846147,0.577576972429512,0.557147391051969,0.55451720881901,0.551972792046932,"LC","LC","LC","LC","LC"
"255","Gm17","nat",1291.3936,866.7416,818.916,807.2168,806.4492,805.2008,0.671167644008767,0.63413354379331,0.62507418342479,0.624479786797766,0.623513079203738,"LC","LC","LC","LC","LC"
"256","Gm19","nat",1380.852,893.0368,873.7352,856.5124,848.8632,847.0616,0.646728831185384,0.632750794437058,0.620278205050215,0.614738726525363,0.613434024790492,"LC","LC","LC","LC","LC"
"257","Gm2","nat",3737.0288,2828.014,2825.676,2819.304,2818.9224,2818.7752,0.756754670983536,0.756129040268568,0.754423942357629,0.754321829149403,0.754282439568033,"LC","LC","LC","LC","LC"
"258","Gm20","nat",20.3384,19.43,19.1876,18.9768,18.3856,18.3784,0.955335719623963,0.943417377964835,0.933052747512095,0.903984580891319,0.903630570743028,"LC","LC","LC","LC","LC"
"259","Gm21","nat",1551.0772,1249.0212,1223.2004,1203.0184,1195.0992,1192.6756,0.805260498961625,0.788613487452462,0.775601884935192,0.770496271881245,0.768933744883878,"LC","LC","LC","LC","LC"
"260","Gm22","nat",939.1744,395.5192,367.038,354.1212,352.8536,352.086,0.421134988347212,0.390809204339471,0.377055848200292,0.375706152126804,0.374888838537337,"VU","VU","VU","VU","VU"
"261","Gm23","nat",1373.9432,794.8396,774.3048,762.3952,760.7508,759.7868,0.578509795747015,0.563563908609905,0.554895719124342,0.553698871976658,0.552997241807376,"LC","LC","LC","LC","LC"
"262","Gm24","nat",10.0012,9.4036,9.3932,9.338,9.336,9.3328,0.940247170339559,0.939207295124585,0.933687957445106,0.933487981442227,0.933168019837619,"LC","LC","LC","LC","LC"
"263","Gm25","nat",430.6344,130.226,117.5052,107.2648,104.8692,103.7852,0.302405009910959,0.272865335421415,0.249085535201089,0.243522579710306,0.241005363250126,"VU","EN","EN","EN","EN"
"264","Gm26","nat",260.5796,245.3736,244.3972,242.6696,242.4308,242.2212,0.941645470328452,0.937898438711242,0.931268602760922,0.930352184131068,0.929547823390626,"LC","LC","LC","LC","LC"
"265","Gm27","nat",268.0664,262.4448,262.156,261.5852,261.2656,261.144,0.979029076378091,0.97795173136208,0.975822408179466,0.974630166257315,0.974176547303206,"LC","LC","LC","LC","LC"
"266","Gm28","nat",93.8756,91.9744,91.866,91.6264,91.572,91.556,0.97974766606019,0.97859294640993,0.976040632496623,0.975461142192433,0.975290703867672,"LC","LC","LC","LC","LC"
"267","Gm29","nat",523.222,506.6884,505.58,504.4908,502.8124,502.7088,0.96840041129769,0.966281998845614,0.96420028209823,0.960992465913131,0.960794462006567,"LC","LC","LC","LC","LC"
"268","Gm3","nat",15063.9784,6938.542,6282.8076,6078.1844,6031.672,6008.3952,0.46060488243929,0.417074920925272,0.403491311432045,0.400403654322818,0.398858458267572,"VU","VU","VU","VU","VU"
"269","Gm30","nat",3858.6324,2921.2116,2753.9672,2639.05,2628.6144,2611.3308,0.757058796271964,0.713715875085691,0.683934028025059,0.681229546509795,0.67675034294534,"LC","LC","LC","LC","LC"
"270","Gm31","nat",1048.1812,581.3352,554.292,539.4976,538.338,536.1616,0.554613267248067,0.528813147955716,0.514698794445083,0.513592497175107,0.511516138621834,"LC","LC","LC","LC","LC"
"271","Gm4","nat",14254.748,8134.3808,7712.2628,7518.9212,7481.0312,7447.7704,0.570643605905906,0.541031156776675,0.527467844398231,0.524809782677323,0.522476468893031,"LC","LC","LC","LC","LC"
"272","Gm5","nat",3469.5508,2522.0496,2491.4276,2469.1272,2465.3384,2462.3852,0.72690954690734,0.718083620507877,0.711656160215322,0.710564145652515,0.709712969183215,"LC","LC","LC","LC","LC"
"273","Gm6","nat",9891.6532,6028.4972,5633.9672,5509.6956,5480.8668,5464.9784,0.609452947662985,0.569567804904442,0.557004525795546,0.554090068584289,0.55248382545397,"LC","LC","LC","LC","LC"
"274","Gm7","nat",30.0484,28.2304,27.9176,27.7012,27.6636,27.6196,0.939497610521692,0.929087738448636,0.921886023881471,0.920634709335605,0.919170405079805,"LC","LC","LC","LC","LC"
"275","Gm8","nat",14492.9396,6431.328,5912.7288,5621.0652,5561.5276,5504.348,0.443755937546307,0.407973051926608,0.387848521772629,0.383740480088663,0.379795138316867,"VU","VU","VU","VU","VU"
"276","Gm9","nat",1313.2256,552.0528,482.5004,445.0712,440.6508,435.8432,0.420379255475982,0.367416230691817,0.338914501819032,0.335548438897323,0.331887529454193,"VU","VU","VU","VU","VU"
"277","Gs1","nat",539.2132,341.3452,298.9824,283.1792,282.2376,281.4492,0.633043107995131,0.554479007561388,0.525171119698108,0.523424871646317,0.521962741268203,"LC","LC","LC","LC","LC"
"278","Gs10","nat",10944.6128,8268.448,7843.228,7637.4216,7606.1784,7576.2196,0.755481089289883,0.716629098107518,0.697824741684786,0.694970076967912,0.692232766790982,"LC","LC","LC","LC","LC"
"279","Gs11","nat",2342.158,1215.3212,1076.9832,1027.9996,1024.5988,1020.7256,0.518889502757713,0.459825169779323,0.438911294626579,0.43745930035463,0.435805611747798,"LC","VU","VU","VU","VU"
"280","Gs12","nat",8728.1252,5261.9836,4910.9228,4746.6104,4722.0004,4698.084,0.602876732336516,0.562654944500567,0.543829320871795,0.541009700456634,0.53826954727918,"LC","LC","LC","LC","LC"
"281","Gs13","nat",492.96,186.8456,170.0176,154.5836,153.1612,148.2664,0.379027913015255,0.344891269068484,0.313582440765985,0.310697013956508,0.300767607919507,"VU","VU","VU","VU","VU"
"282","Gs14","nat",5281.672,2477.8336,2259.068,2168.1408,2152.5728,2135.8588,0.469138106266349,0.427718343736605,0.41050273474006,0.40755518328287,0.404390655080437,"VU","VU","VU","VU","VU"
"283","Gs15","nat",6137.2616,3958.2016,3806.1988,3728.6372,3718.7268,3708.014,0.64494588270443,0.620178680341734,0.607540861546459,0.605926069698577,0.604180535501371,"LC","LC","LC","LC","LC"
"284","Gs16","nat",3606.2944,3100.884,3030.7144,2995.0192,2990.1632,2980.22,0.859853261009417,0.840395725873073,0.830497698690379,0.829151164142339,0.826393984917038,"LC","LC","LC","LC","LC"
"285","Gs17","nat",4242.1876,4185.8024,4178.7004,4172.418,4171.49,4170.7988,0.986708461455123,0.98503432521466,0.983553391179588,0.983334636120288,0.983171701317499,"LC","LC","LC","LC","LC"
"286","Gs18","nat",1433.932,1414.8308,1411.5748,1409.0108,1408.2936,1407.3916,0.986679145175643,0.984408465673407,0.98262037530371,0.982120212116056,0.98149117252422,"LC","LC","LC","LC","LC"
"287","Gs19","nat",3024.2364,1551.1112,1426.8328,1352.3572,1342.1664,1334.6488,0.512893502637558,0.471799360658446,0.44717311120255,0.443803401083328,0.441317616572567,"LC","VU","VU","VU","VU"
"288","Gs2","nat",1545.4912,1300.2316,1261.6112,1245.6404,1244.0572,1242.8228,0.84130637560408,0.816317297697975,0.805983495732619,0.804959096499547,0.804160386031315,"LC","LC","LC","LC","LC"
"289","Gs20","nat",6280.594,2644.1768,2413.7704,2281.9068,2266.1492,2257.522,0.421007439742165,0.38432199247396,0.363326589809817,0.360817655145357,0.359444027109538,"VU","VU","VU","VU","VU"
"290","Gs3","nat",1742.278,1606.7372,1582.5852,1568.3444,1565.438,1563.8912,0.922204837574715,0.908342526278814,0.900168859389833,0.8985006985108,0.897612895301439,"LC","LC","LC","LC","LC"
"291","Gs4","nat",7440.426,4805.9292,4442.0148,4293.0084,4260.2476,4242.93,0.645921241606327,0.597010816316162,0.576984221064762,0.572581139843337,0.570253638702945,"LC","LC","LC","LC","LC"
"292","Gs6","nat",5227.4684,3638.4548,3421.2016,3328.7696,3316.8892,3303.6124,0.696026168230878,0.654466242206266,0.63678426061839,0.634511573518072,0.631971759025841,"LC","LC","LC","LC","LC"
"293","Gs7","nat",4653.6068,2693.4696,2459.5172,2389.8856,2374.6972,2366.6848,0.578791830886959,0.52851848162161,0.513555550073547,0.510291759071695,0.50856999779182,"LC","LC","LC","LC","LC"
"294","Gs8","nat",2862.4156,1978.5956,1746.3828,1680.63,1671.1672,1664.26,0.691232817484645,0.610108049998051,0.587136962221698,0.583831083089402,0.581418016307625,"LC","LC","LC","LC","LC"
"295","Gs9","nat",6972.2336,2600.4864,2225.3264,2050.0268,2035.464,2020.0288,0.372977520431903,0.319169799474303,0.294027268392155,0.291938583354407,0.289724773421246,"VU","VU","EN","EN","EN"
"296","NKb1","nat",4671.0664,4657.1556,4647.2656,4639.002,4638.2116,4637.4332,0.997021922017636,0.994904632483923,0.993135528966148,0.992966317070552,0.992799674181468,"LC","LC","LC","LC","LC"
"297","NKb2","nat",607.488,604.1708,602.918,601.45,601.4232,601.392,0.994539480615255,0.992477217656974,0.99006070901812,0.990016592920354,0.989965233881163,"LC","LC","LC","LC","LC"
"298","NKb3","nat",41251.818,41147.5544,41077.7868,40950.256,40930.486,40919.9956,0.99747250896918,0.995781247750099,0.99268972824422,0.992210476638872,0.991956175119361,"LC","LC","LC","LC","LC"
"299","NKb4","nat",2677.2,2674.3028,2674.2168,2671.6808,2670.6484,2670.3192,0.998917824592858,0.998885701479157,0.997938443149559,0.997552816375318,0.997429852084267,"LC","LC","LC","LC","LC"
"300","NKb5","nat",8634.3688,8592.3176,8582.7128,8551.6056,8549.1188,8543.5324,0.995129788757691,0.994017397079448,0.990414678603953,0.990126666815529,0.989479671055978,"LC","LC","LC","LC","LC"
"301","NKb6","nat",41250.6684,41047.6776,41035.2476,40932.062,40926.38,40909.9712,0.995079090645717,0.994777762195,0.992276333636329,0.992138590413725,0.991740807768342,"LC","LC","LC","LC","LC"
"302","NKl1","nat",20205.9452,20140.7108,20132.7076,20086.0432,20080.0552,20074.7364,0.99677152445212,0.996375443005755,0.994066003900674,0.993769655477438,0.993506426019605,"LC","LC","LC","LC","LC"
"303","NKl2","nat",8321.3632,8214.252,8199.0052,8173.906,8169.664,8164.2908,0.987128166692688,0.985295918822531,0.982279682252062,0.981769910007053,0.981124198496708,"LC","LC","LC","LC","LC"
"304","NKl4","nat",742.6932,702.2056,690.7232,684.3444,683.5496,683.2128,0.945485430592336,0.930024941658278,0.921436200035223,0.920366040782385,0.919912556086416,"LC","LC","LC","LC","LC"
"305","NKu1","nat",17149.5756,17026.1972,17018.182,16973.3548,16969.9452,16965.0208,0.992805746166686,0.992338376000395,0.989724480412215,0.989525664996631,0.989238520864621,"LC","LC","LC","LC","LC"
"306","NKu2","nat",11734.2756,11718.6936,11717.4996,11709.3512,11707.8832,11706.3608,0.998672095276167,0.998570342084005,0.997875931940784,0.997750828351091,0.997621088770064,"LC","LC","LC","LC","LC"
"307","NKu3","nat",42273.7272,40549.5272,40230.2988,40081.0524,40036.994,40004.2396,0.959213437891514,0.95166197694534,0.948131500455914,0.947089283388288,0.946314466447141,"LC","LC","LC","LC","LC"
"308","NKu4","nat",49834.4344,48419.9436,48257.9664,48142.5248,48120.434,48084.2452,0.971616196370436,0.968365889590592,0.966049386927526,0.96560610307639,0.96487992246582,"LC","LC","LC","LC","LC"
"309","SKk1","nat",1673.774,1671.1736,1670.7816,1667.568,1667.2184,1666.85,0.998446385234805,0.998212183962709,0.996292211493308,0.996083342195541,0.99586324079595,"LC","LC","LC","LC","LC"
"310","SKk2","nat",129.9056,129.4136,129.4096,129.2048,129.1948,129.1548,0.996212634405291,0.99618184281509,0.994605313396805,0.994528334421303,0.994220418519294,"LC","LC","LC","LC","LC"
"311","SKk3","nat",1320.886,1305.072,1303.0764,1299.5728,1299.2172,1298.8296,0.988027732900493,0.986516928788707,0.98386446672915,0.983595253488946,0.983301814085394,"LC","LC","LC","LC","LC"
"312","SKk4","nat",983.548,981.674,981.4312,979.5732,979.4672,979.3724,0.998094653235023,0.997847791871876,0.995958712742032,0.995850939659274,0.99575455392111,"LC","LC","LC","LC","LC"
"313","SKk5","nat",988.53,858.4188,841.0544,832.2764,831.094,829.1768,0.868379108373039,0.850813227721971,0.841933375820663,0.840737256330106,0.838797810890919,"LC","LC","LC","LC","LC"
"314","SKk6","nat",59.8264,58.2204,57.8168,57.1404,57.1048,57.032,0.973155663720364,0.96640947808994,0.955103432598318,0.954508377572443,0.953291523474586,"LC","LC","LC","LC","LC"
"315","SKk7","nat",185.2136,144.2304,138.4624,132.458,131.1172,130.8612,0.778724672486254,0.74758225097941,0.715163465317882,0.707924256102144,0.706542068185058,"LC","LC","LC","LC","LC"
"316","SKk8","nat",2.86,0.8512,0.6144,0.646,0.6348,0.6316,0.297622377622378,0.214825174825175,0.225874125874126,0.221958041958042,0.220839160839161,"EN","EN","EN","EN","EN"
"317","SKk9","nat",142.7656,142.1436,140.5024,140.3324,140.2672,140.2268,0.995643208167794,0.984147441680629,0.982956678639672,0.982499985991023,0.982217004656584,"LC","LC","LC","LC","LC"
"318","SKn1","nat",7582.1624,7372.6292,7358.7072,7343.7548,7342.5008,7342.0048,0.97236498126181,0.970528829611985,0.968556780055252,0.968391391880501,0.968325975186182,"LC","LC","LC","LC","LC"
"319","SKn2","nat",539.3324,535.4192,535.1212,534.2448,534.226,534.2036,0.992744363216451,0.992191828267688,0.990566856357971,0.990531998448452,0.990490465620089,"LC","LC","LC","LC","LC"
"320","SKn3","nat",3107.996,2918.6092,2905.4704,2893.0444,2891.3408,2891.024,0.939064657740872,0.934837239172766,0.930839164529169,0.930291029975586,0.93018909934247,"LC","LC","LC","LC","LC"
"321","SKn4","nat",5040.6136,4632.4888,4606.0996,4584.9324,4582.5824,4581.266,0.919032714588557,0.913797399586431,0.909598069568356,0.909131856486679,0.908870697805521,"LC","LC","LC","LC","LC"
"322","SKn5","nat",653.3436,652.7544,652.5144,650.838,650.5632,650.5384,0.999098177436804,0.998730836270532,0.996164958224126,0.995744352588745,0.995706394001564,"LC","LC","LC","LC","LC"
"323","SKn6","nat",396.7944,392.6292,391.8628,391.562,391.5216,391.506,0.989502876048654,0.987571397176976,0.986813321962205,0.986711506009157,0.986672190938178,"LC","LC","LC","LC","LC"
"324","SKn7","nat",997.1488,919.9676,911.934,908.4916,908.0956,907.9312,0.922598111736182,0.914541540841247,0.911089297805904,0.91069216550228,0.910527295424715,"LC","LC","LC","LC","LC"
"325","SKr1","nat",1200.4012,1200.1916,1200.1508,1199.7908,1199.756,1199.7416,0.999825391710705,0.999791403074239,0.999491503340716,0.999462513033143,0.999450517043802,"LC","LC","LC","LC","LC"
"326","SKr10","nat",127.5696,127.5328,127.5288,127.1652,127.1584,127.1424,0.999711530019691,0.999680174587049,0.996829965759868,0.996776661524376,0.996651239793807,"LC","LC","LC","LC","LC"
"327","SKr11","nat",129.2752,128.9884,128.9684,128.19,128.16,128.1204,0.997781477035038,0.997626768320606,0.991605505154894,0.991373442083246,0.991067118828669,"LC","LC","LC","LC","LC"
"328","SKr12","nat",612.1464,612.072,612.0708,611.9304,611.9092,611.8968,0.999878460446717,0.999876500131341,0.999647143232403,0.999612510994102,0.999592254401888,"LC","LC","LC","LC","LC"
"329","SKr13","nat",722.676,722.4456,722.4356,722.0072,721.8784,721.8316,0.999681184929346,0.999667347469682,0.999074550697685,0.998896324217215,0.998831564905988,"LC","LC","LC","LC","LC"
"330","SKr14","nat",365.5632,365.4176,365.3908,365.2504,365.2304,365.2156,0.999601710456632,0.999528398919804,0.999144334002985,0.999089623900874,0.999049138425312,"LC","LC","LC","LC","LC"
"331","SKr15","nat",241.7792,202.4592,201.5128,200.3552,200.304,200.304,0.837372280163058,0.833457964953147,0.82867012546985,0.828458362009635,0.828458362009635,"LC","LC","LC","LC","LC"
"332","SKr16","nat",432.8448,432.6108,432.6104,432.43,432.3712,432.3352,0.999459390525195,0.999458466406435,0.999041688845517,0.998905843387745,0.998822672699314,"LC","LC","LC","LC","LC"
"333","SKr17","nat",260.7456,260.4776,260.4216,259.9504,259.7872,259.666,0.998972178245769,0.998757409521004,0.996950284108342,0.996324386681884,0.995859565799001,"LC","LC","LC","LC","LC"
"334","SKr18","nat",817.7808,815.864,815.808,814.6328,812.5508,812.362,0.997656095618777,0.997587617610978,0.996150557704461,0.993604643200232,0.993373774488225,"LC","LC","LC","LC","LC"
"335","SKr19","nat",371.9632,370.912,370.8944,369.4556,368.4908,367.7144,0.997173913978587,0.997126597469857,0.993258472881188,0.990664667902631,0.988577364642524,"LC","LC","LC","LC","LC"
"336","SKr2","nat",192.1136,191.7488,191.7144,191.3576,191.3456,191.3312,0.998101123501928,0.997922062779522,0.996064828309917,0.996002365267217,0.995927409615977,"LC","LC","LC","LC","LC"
"337","SKr3","nat",170.7744,170.7744,170.7744,170.7484,170.7448,170.7376,1,1,0.999847752356325,0.999826671913355,0.999784511027414,"LC","LC","LC","LC","LC"
"338","SKr4","nat",836.2248,828.5832,828.5516,827.2752,827.26,827.1612,0.990861787404535,0.990823998522885,0.98929761470839,0.989279437777976,0.989161287730285,"LC","LC","LC","LC","LC"
"339","SKr5","nat",18.3652,18.3652,18.3652,18.3652,18.3652,18.3652,1,1,1,1,1,"LC","LC","LC","LC","LC"
"340","SKr6","nat",65.8728,65.8684,65.8684,65.8632,65.824,65.8232,0.999933204600381,0.999933204600381,0.99985426458265,0.999259178295139,0.999247033677026,"LC","LC","LC","LC","LC"
"341","SKr7","nat",327.1496,327.1344,327.1344,326.5972,326.588,326.5544,0.999953538075547,0.999953538075547,0.998311475850803,0.998283354159687,0.998180648853002,"LC","LC","LC","LC","LC"
"342","SKr8","nat",50.5576,50.5576,50.5576,50.5336,50.5152,50.5104,1,1,0.99952529392218,0.999161352595851,0.999066411380287,"LC","LC","LC","LC","LC"
"343","SKr9","nat",3.2652,3.2652,3.2652,3.2652,3.2652,3.2652,1,1,1,1,1,"LC","LC","LC","LC","LC"
"344","SKs1","nat",508.0212,352.32,347.6924,315.38,314.8356,311.0076,0.693514365148541,0.68440529647188,0.620800864215903,0.619729255393279,0.612194136780119,"LC","LC","LC","LC","LC"
"345","SKs10","nat",136.4288,134.3972,134.3972,134.0656,134.0148,133.9984,0.985108716048224,0.985108716048224,0.982678144204156,0.982305788807056,0.982185579584369,"LC","LC","LC","LC","LC"
"346","SKs11","nat",286.9792,286.9536,286.9512,286.7372,286.7088,286.6852,0.999910794928692,0.999902431953256,0.999156733310289,0.999057771434306,0.998975535509194,"LC","LC","LC","LC","LC"
"347","SKs12","nat",469.9288,427.9568,426.5624,423.9252,423.6604,423.524,0.9106843419684,0.907717083949739,0.902105169974685,0.901541680356684,0.901251423619919,"LC","LC","LC","LC","LC"
"348","SKs13","nat",201.1296,130.9596,115.4816,110.2904,108.2648,108.1508,0.651120471576536,0.574165115428062,0.548354891572399,0.538283773248691,0.537716974527867,"LC","LC","LC","LC","LC"
"349","SKs14","nat",838.9456,664.4676,651.2588,645.5372,644.9832,644.0144,0.792027039655491,0.776282514623117,0.769462525341333,0.768802172631932,0.76764738977116,"LC","LC","LC","LC","LC"
"350","SKs2","nat",536.1004,528.9556,528.7648,525.67,525.4884,524.9028,0.986672645646226,0.986316742162476,0.98054394288831,0.980205200369184,0.97911286766434,"LC","LC","LC","LC","LC"
"351","SKs3","nat",331.4,309.1804,308.0868,303.8476,303.662,302.72,0.932952323476162,0.929652383826192,0.916860591430296,0.916300543150272,0.913458056729028,"LC","LC","LC","LC","LC"
"352","SKs4","nat",449.044,443.7568,443.2376,441.8632,441.7228,441.4408,0.988225652720001,0.987069418587043,0.98400869402553,0.983696029787727,0.983068028968208,"LC","LC","LC","LC","LC"
"353","SKs5","nat",566.1096,566.0364,565.8908,565.7144,565.7124,565.6908,0.999870696416383,0.999613502403068,0.99930190196386,0.999298369079062,0.99926021392324,"LC","LC","LC","LC","LC"
"354","SKs6","nat",123.302,123.1816,123.1816,122.832,122.8264,122.7916,0.999023535709072,0.999023535709072,0.996188220791228,0.996142803847464,0.995860569982644,"LC","LC","LC","LC","LC"
"355","SKs7","nat",3151.7932,2613.5344,2571.8156,2545.486,2543.0388,2540.0112,0.829221409577253,0.815984881241574,0.807631033660457,0.806854586779361,0.805893990760561,"LC","LC","LC","LC","LC"
"356","SKs8","nat",868.0312,757.7072,752.856,734.138,732.4448,727.288,0.872903185968431,0.867314446761821,0.845750705735001,0.843800084605254,0.837859284320656,"LC","LC","LC","LC","LC"
"357","SKs9","nat",917.3924,905.496,891.826,886.9968,886.2784,884.7432,0.987032375676973,0.972131445606046,0.966867395020931,0.966084305908791,0.964410867149107,"LC","LC","LC","LC","LC"
"358","SKt1","nat",101.7792,101.7668,101.7668,101.3432,101.332,101.3284,0.999878167641326,0.999878167641326,0.995716217065962,0.995606174935547,0.99557080425077,"LC","LC","LC","LC","LC"
"359","SKt2","nat",7632.554,7358.9948,7340.0296,7316.6456,7315.4296,7313.0976,0.96415889098197,0.961674113278465,0.958610394371268,0.958451076795526,0.958145543418363,"LC","LC","LC","LC","LC"
"360","SKt3","nat",5357.996,5253.1516,5242.878,5226.1568,5224.4604,5222.7172,0.980432161576828,0.978514728267807,0.975393934597935,0.975077323685945,0.974751978164971,"LC","LC","LC","LC","LC"
"361","SKv1","nat",540.74,470.4456,455.6388,451.1516,449.6388,447.9824,0.870003328771683,0.842620852905278,0.834322594962459,0.831524947294448,0.828461737618819,"LC","LC","LC","LC","LC"
"362","SKv10","nat",240.126,230.8348,229.7436,226.6016,226.396,226.2656,0.961306980501903,0.956762699582719,0.943677902434555,0.942821685281894,0.942278637048883,"LC","LC","LC","LC","LC"
"363","SKv11","nat",1578.5704,1414.1236,1397.6464,1374.506,1371.4312,1369.166,0.895825488682671,0.885387436632538,0.870728350157839,0.868780511784587,0.867345542523792,"LC","LC","LC","LC","LC"
"364","SKv13","nat",2555.2608,2526.6976,2523.454,2515.8504,2514.8576,2513.968,0.988821806369041,0.987552425177109,0.984576760227371,0.984188228457933,0.983840083955422,"LC","LC","LC","LC","LC"
"365","SKv14","nat",793.3056,776.2044,773.9996,771.1804,770.3592,769.2448,0.978443111960889,0.97566385513981,0.97211011746293,0.971074955225325,0.969670200235571,"LC","LC","LC","LC","LC"
"366","SKv2","nat",559.3864,558.9492,557.3936,557.2216,557.1876,557.15,0.999218429336144,0.996437525116807,0.99613004534969,0.996069264465493,0.996002047958263,"LC","LC","LC","LC","LC"
"367","SKv3","nat",928.5724,907.3396,905.4444,903.2952,903.1684,902.9904,0.977133931613733,0.97509294913353,0.972778428477952,0.972641874774654,0.972450182667501,"LC","LC","LC","LC","LC"
"368","SKv4","nat",1318.3684,1314.9408,1314.8412,1313.9288,1313.738,1313.5804,0.997400119723743,0.997324571796472,0.996632504237814,0.99648777989521,0.99636823819503,"LC","LC","LC","LC","LC"
"369","SKv5","nat",6988.3064,6945.2932,6941.7856,6926.9688,6925.5768,6923.8212,0.993844975085809,0.993343050900001,0.991222823315245,0.991023633422828,0.990772413756787,"LC","LC","LC","LC","LC"
"370","SKv6","nat",4714.4892,4690.214,4687.19,4677.1048,4676.0152,4674.8652,0.994850937403781,0.994209510544642,0.992070318031485,0.99183920073462,0.991595271869538,"LC","LC","LC","LC","LC"
"371","SKv7","nat",653.3552,530.5384,512.3764,499.6652,497.4968,496.252,0.812021393569685,0.784223344361536,0.764768077150071,0.761449208638731,0.759543966283577,"LC","LC","LC","LC","LC"
"372","SKv8","nat",4109.0248,3974.3536,3959.0424,3936.3552,3933.6204,3931.7928,0.967225508105962,0.963499271165265,0.957977961096755,0.957312401716339,0.956867624649041,"LC","LC","LC","LC","LC"
"373","SVcb1","nat",6645.4948,5423.3136,5224.8812,5179.6104,5125.75,5108.8792,0.816088758357015,0.786229070557696,0.779416816336987,0.771312017278232,0.768773334981768,"LC","LC","LC","LC","LC"
"374","SVcb10","nat",1442.1488,1053.1924,995.874,940.7776,929.834,919.6632,0.730293850398794,0.690548714529319,0.652344335064454,0.644755936419321,0.637703404808158,"LC","LC","LC","LC","LC"
"375","SVcb11","nat",3285.6364,2650.2292,2567.892,2515.0816,2506.7716,2493.6388,0.806610615830772,0.781550873979848,0.765477762542441,0.76294857215485,0.758951538277334,"LC","LC","LC","LC","LC"
"376","SVcb12","nat",17384.092,12067.9568,11320.8516,11061.4828,10912.8008,10862.8848,0.69419540577673,0.651219034045609,0.636299140616605,0.627746378700711,0.624875017918681,"LC","LC","LC","LC","LC"
"377","SVcb13","nat",2066.3028,1955.3468,1938.8292,1926.792,1922.6168,1920.4356,0.946302158618766,0.938308364098427,0.932482886825687,0.930462273002776,0.929406667793317,"LC","LC","LC","LC","LC"
"378","SVcb14","nat",759.892,461.8772,452.4796,446.516,441.63,441.2272,0.60781953224932,0.595452511672711,0.587604554331405,0.581174693245882,0.580644617919388,"LC","LC","LC","LC","LC"
"379","SVcb15","nat",7198.2152,3327.4904,3020.6896,2939.9372,2868.9324,2856.3324,0.462266035058246,0.419644247368431,0.408425855342585,0.398561632333526,0.396811198420408,"VU","VU","VU","VU","VU"
"380","SVcb16","nat",12074.1312,10217.15,10025.0308,9946.0684,9917.0488,9880.8072,0.846201671222522,0.830290033621632,0.823750233888464,0.82134678145621,0.818345190749625,"LC","LC","LC","LC","LC"
"381","SVcb17","nat",8901.2312,8338.4096,8275.2484,8242.6824,8216.7028,8214.646,0.936770364980521,0.92967458254539,0.926015987541139,0.923097335119214,0.92286626596105,"LC","LC","LC","LC","LC"
"382","SVcb18","nat",6496.36,5388.504,5198.8472,5146.278,5109.2956,5101.8224,0.829465115849491,0.800270797800615,0.792178696993393,0.786485909032135,0.785335541749534,"LC","LC","LC","LC","LC"
"383","SVcb19","nat",12012.4968,11171.1888,10882.3284,10786.6888,10702.0624,10665.7168,0.92996393555751,0.905917277746954,0.897955602369026,0.890910738889853,0.887885089800815,"LC","LC","LC","LC","LC"
"384","SVcb2","nat",1107.4924,1085.108,1078.78,1076.9268,1076.1928,1075.8564,0.979788213445076,0.974074404483498,0.972401074716179,0.971738316217791,0.971434566955042,"LC","LC","LC","LC","LC"
"385","SVcb20","nat",10110.8896,7031.6548,6494.3228,6348.794,6254.0464,6219.6988,0.695453622597165,0.64230973306246,0.627916459497293,0.618545612445417,0.615148522638404,"LC","LC","LC","LC","LC"
"386","SVcb21","nat",4147.7392,3261.85,3099.3548,3070.8684,3053.2376,3045.662,0.786416368705149,0.747239556431128,0.740371622208069,0.736120921006798,0.734294480231544,"LC","LC","LC","LC","LC"
"387","SVcb22","nat",0.602,0.5788,0.5368,0.5368,0.5316,0.5316,0.961461794019934,0.891694352159469,0.891694352159469,0.883056478405316,0.883056478405316,"LC","LC","LC","LC","LC"
"388","SVcb23","nat",4445.3284,2891.3464,2695.04,2621.8656,2531.0024,2519.1048,0.65042357725472,0.606263420268343,0.589802454189886,0.569362299532246,0.566685871846948,"LC","LC","LC","LC","LC"
"389","SVcb24","nat",666.91,607.1328,601.4828,598.2148,596.9996,596.7168,0.910366916075632,0.901895008321963,0.896994796899132,0.895172661978378,0.894748616754885,"LC","LC","LC","LC","LC"
"390","SVcb25","nat",891.324,843.1932,833.5616,828.3392,826.5452,823.9772,0.946000780860832,0.935194833752934,0.929335684891241,0.927322948781812,0.924441841575005,"LC","LC","LC","LC","LC"
"391","SVcb26","nat",2000.0168,1812.8404,1771.4836,1758.338,1749.4692,1747.8652,0.906412586134276,0.885734359831377,0.879161615042434,0.874727252291081,0.873925259027824,"LC","LC","LC","LC","LC"
"392","SVcb27","nat",2522.834,1614.5176,1304.0228,1260.134,1222.812,1210.104,0.639961884135064,0.516888071113676,0.49949144493851,0.484697764498179,0.479660572197774,"LC","LC","VU","VU","VU"
"393","SVcb28","nat",2316.1448,1971.638,1859.362,1826.5564,1815.7768,1809.8568,0.851258522351452,0.802783142055713,0.788619260764698,0.783965147602171,0.781409176144773,"LC","LC","LC","LC","LC"
"394","SVcb29","nat",388.1768,376.3516,374.9828,374.0792,373.954,373.6608,0.969536561690446,0.966010333435692,0.963682528167577,0.963359994724054,0.962604668800402,"LC","LC","LC","LC","LC"
"395","SVcb3","nat",1331.3268,948.6744,916.2432,897.5916,894.2568,889.586,0.712578158871285,0.688218099417814,0.674208316094891,0.671703446516663,0.668195066755961,"LC","LC","LC","LC","LC"
"396","SVcb4","nat",4119.6272,3746.2624,3706.9364,3674.8456,3666.788,3661.8716,0.909369274967405,0.899823265561505,0.892033531577809,0.890077626441538,0.888884217484534,"LC","LC","LC","LC","LC"
"397","SVcb5","nat",367.1036,360.9004,360.3868,359.8996,359.854,359.8116,0.983102317710859,0.981703257609024,0.980376111811489,0.980251896194971,0.980136397463822,"LC","LC","LC","LC","LC"
"398","SVcb6","nat",2285.098,977.564,822.2152,731.9276,723.2408,708.9796,0.427799595465927,0.359816165433605,0.320304687151273,0.316503187171841,0.310262229453616,"VU","VU","VU","VU","VU"
"399","SVcb7","nat",491.3284,414.9032,387.7748,369.8612,366.7404,360.9508,0.844451898160172,0.789237503877244,0.752777979046194,0.746426219204915,0.734642654485269,"LC","LC","LC","LC","LC"
"400","SVcb8","nat",1833.3936,1027.864,933.0252,857.7332,849.2756,843.362,0.56063466131877,0.508906107231966,0.467839093580342,0.463226008861381,0.460000514892165,"LC","LC","VU","VU","VU"
"401","SVcb9","nat",3103.5984,2706.974,2653.656,2603.7752,2597.3956,2593.0128,0.87220498631524,0.855025572896287,0.838953648126639,0.836898098671529,0.835485931427211,"LC","LC","LC","LC","LC"
"402","SVk1","nat",15427.0416,12284.8132,12112.0972,12026.2352,12010.6232,12001.9708,0.796316851832434,0.78512118616443,0.779555504666559,0.778543515433315,0.777982656117295,"LC","LC","LC","LC","LC"
"403","SVk10","nat",5838.9756,5606.1396,5574.8024,5550.5652,5543.8588,5539.6844,0.9601238272001,0.954756926882859,0.950605993284165,0.949457435650185,0.948742515724847,"LC","LC","LC","LC","LC"
"404","SVk11","nat",13886.1856,13662.976,13654.7532,13628.6656,13625.8592,13624.6808,0.983925780165289,0.983333623309773,0.9814549504509,0.981252850314776,0.981167988997641,"LC","LC","LC","LC","LC"
"405","SVk12","nat",7452.5748,7345.568,7325.6152,7272.4276,7260.162,7252.688,0.98564163354657,0.982964330663276,0.975827522053183,0.974181701604659,0.973178826732474,"LC","LC","LC","LC","LC"
"406","SVk13","nat",8517.6948,8458.742,8451.1444,8420.5712,8416.2852,8409.2552,0.993078784649575,0.992186806223675,0.988597431314397,0.988094243527016,0.987268902849161,"LC","LC","LC","LC","LC"
"407","SVk14","nat",929.224,898.9548,894.902,885.446,883.5132,880.8224,0.967425292502131,0.963063803776054,0.952887570704157,0.950807555551729,0.947911805980044,"LC","LC","LC","LC","LC"
"408","SVk15","nat",1620.8448,1618.61,1618.5168,1617.3084,1617.2448,1617.2148,0.998621212839132,0.998563711960578,0.997818174818465,0.997778936021512,0.997760427155024,"LC","LC","LC","LC","LC"
"409","SVk16","nat",7918.5928,7912.924,7912.8692,7906.5756,7905.9664,7905.7652,0.99928411522815,0.999277194806633,0.99848240712668,0.998405474265579,0.998380065710665,"LC","LC","LC","LC","LC"
"410","SVk17","nat",7197.9932,4050.0096,3862.59,3803.3468,3767.4136,3751.572,0.562658158665668,0.536620401364091,0.52838988511409,0.523397771478862,0.521196935834838,"LC","LC","LC","LC","LC"
"411","SVk18","nat",999.6036,967.8296,963.8112,954.3788,953.4352,953.0492,0.968213399791677,0.964193406266244,0.954757265780155,0.953813291588786,0.953427138517708,"LC","LC","LC","LC","LC"
"412","SVk2","nat",4206.5528,3349.3636,3284.0676,3244.9464,3233.6,3227.4224,0.796225260740814,0.78070281205076,0.771402750489664,0.768705435006069,0.767236869105744,"LC","LC","LC","LC","LC"
"413","SVk3","nat",1366.9324,632.7872,599.2416,583.794,577.6448,576.2632,0.462925013702214,0.438384224413731,0.427083299803268,0.422584759860839,0.421574029556985,"VU","VU","VU","VU","VU"
"414","SVk4","nat",16649.7672,13102.4916,12716.5448,12546.004,12495.5028,12455.3472,0.786947435517297,0.763767123422603,0.753524289516793,0.750491142002274,0.748079360533041,"LC","LC","LC","LC","LC"
"415","SVk5","nat",1457.8836,1432.3584,1427.704,1422.3936,1421.0436,1418.3416,0.982491606325773,0.979299033201279,0.975656492740573,0.974730492887086,0.972877121328479,"LC","LC","LC","LC","LC"
"416","SVk6","nat",5313.8536,4398.9956,4302.784,4247.0232,4233.5024,4220.3792,0.827835302048969,0.809729496499489,0.799236019599787,0.796691576147299,0.794221955983131,"LC","LC","LC","LC","LC"
"417","SVk7","nat",13360.5836,13200.418,13182.0172,13142.274,13132.408,13112.6348,0.988012080550134,0.986634835322613,0.983660174844458,0.982921734047606,0.981441768756269,"LC","LC","LC","LC","LC"
"418","SVk8","nat",3363.508,3263.79,3256.5296,3243.4308,3241.1848,3235.7984,0.970352976713598,0.968194397040233,0.964300010584188,0.963632255371475,0.962030832095538,"LC","LC","LC","LC","LC"
"419","SVk9","nat",5779.5996,5624.214,5568.2308,5531.512,5519.2396,5504.2496,0.973114815773743,0.963428470027578,0.9570752963579,0.954951896667721,0.952358291394442,"LC","LC","LC","LC","LC"
"420","SVkd1","nat",37063.7256,37040.0648,37036.0064,37012.5328,37007.9424,37004.7196,0.999361618412155,0.999252120515375,0.998618789687996,0.998494938134336,0.998407985191861,"LC","LC","LC","LC","LC"
"421","SVkd2","nat",2242.3668,2242.0984,2242.096,2239.9764,2239.5172,2239.5116,0.999880305041976,0.999879234744289,0.998933983503502,0.998729199879342,0.998726702518071,"LC","LC","LC","LC","LC"
"422","SVkd3","nat",2898.1244,2897.932,2897.932,2898.1824,2898.1208,2898.1184,0.999933612235555,0.999933612235555,1.00002001294354,0.999998757817297,0.999997929695495,"LC","LC","LC","LC","LC"
"423","SVkd4","nat",762.4428,762.3372,762.3372,762.2864,762.2544,762.2544,0.999861497806786,0.999861497806786,0.999794869857778,0.999752899496198,0.999752899496198,"LC","LC","LC","LC","LC"
"424","SVl1","nat",2090.6908,1703.552,1607.7448,1596.0408,1585.8384,1579.2596,0.814827328842696,0.769001709865466,0.76340356020125,0.758523642042142,0.755376930916805,"LC","LC","LC","LC","LC"
"425","SVl10","nat",942.7836,672.2176,638.034,621.6892,618.5128,615.1964,0.713013675672763,0.676755514202835,0.659418767997237,0.656049596110921,0.652531927793398,"LC","LC","LC","LC","LC"
"426","SVl11","nat",630.6152,611.7144,602.654,599.1152,598.9264,596.5872,0.970027998056501,0.955660440788614,0.950048777764951,0.949749387582158,0.946039993961452,"LC","LC","LC","LC","LC"
"427","SVl12","nat",468.3948,384.416,372.4024,368.6232,368.4948,368.3856,0.820709367396905,0.795060918695084,0.786992511445473,0.78671838372245,0.786485247060813,"LC","LC","LC","LC","LC"
"428","SVl13","nat",109.4832,76.1768,73.9276,72.67,72.5552,72.4612,0.695785289432534,0.675241498238999,0.66375480439008,0.662706241688222,0.661847662472416,"LC","LC","LC","LC","LC"
"429","SVl14","nat",4460.3124,3502.5956,3441.3408,3423.7496,3421.8328,3420.6212,0.785280331485301,0.771547033342328,0.767603094348279,0.767173348664995,0.766901708499163,"LC","LC","LC","LC","LC"
"430","SVl15","nat",1335.0152,1334.6324,1334.5932,1344.7112,1344.0928,1343.736,0.999713261691702,0.999683898730142,1.00726283865532,1.0067996229556,1.00653236008099,"LC","LC","LC","LC","LC"
"431","SVl16","nat",2583.6644,2319.5988,2266.5748,2256.1668,2252.8552,2251.9056,0.897794156237939,0.877271366977847,0.873242980009323,0.871961234593781,0.871593694599035,"LC","LC","LC","LC","LC"
"432","SVl17","nat",134.5176,56.8588,45.588,43.1824,42.7248,42.6524,0.422686696759383,0.338899891166658,0.321016729409386,0.317614944066799,0.317076724532701,"VU","VU","VU","VU","VU"
"433","SVl18","nat",1124.2472,932.5992,885.522,872.2916,866.8908,865.0132,0.829532152715168,0.787657732214054,0.775889501881793,0.771085576197121,0.769415480865774,"LC","LC","LC","LC","LC"
"434","SVl19","nat",152.9456,97.448,88.1284,83.7092,81.0864,80.776,0.637141571905305,0.57620748815265,0.547313554623343,0.530164973689992,0.528135493927252,"LC","LC","LC","LC","LC"
"435","SVl2","nat",181.636,181.6164,181.6164,183.834,183.83,183.8284,0.99989209187606,0.99989209187606,1.01210112532758,1.01207910326147,1.01207029443502,"LC","LC","LC","LC","LC"
"436","SVl20","nat",1645.0052,876.9992,695.062,660.5944,651.9612,648.648,0.533128527496448,0.422528755532201,0.401575873437968,0.396327744131143,0.394313647154428,"LC","VU","VU","VU","VU"
"437","SVl21","nat",335.058,289.8676,275.1308,271.8556,270.8504,268.5708,0.865126634791588,0.821143801968614,0.811368777942923,0.808368700344418,0.801565102161417,"LC","LC","LC","LC","LC"
"438","SVl22","nat",5173.6088,3867.7848,3745.9936,3691.1412,3684.1444,3681.678,0.747599006712684,0.72405814680074,0.713455798977302,0.71210339676243,0.711626669569605,"LC","LC","LC","LC","LC"
"439","SVl23","nat",8564.76,6110.1372,5832.8444,5737.736,5714.6308,5704.3004,0.71340436859877,0.681028353392273,0.669923733998384,0.667226028516853,0.666019876797482,"LC","LC","LC","LC","LC"
"440","SVl24","nat",694.624,234.4816,196.7136,184.52,182.8452,182.28,0.337566222877413,0.283194361265951,0.265640116091583,0.263229027502649,0.262415349887133,"VU","EN","EN","EN","EN"
"441","SVl25","nat",660.6068,520.7136,492.0456,477.2796,475.112,472.9328,0.788235301241223,0.744838836051945,0.722486659235115,0.719205433549882,0.715906648251274,"LC","LC","LC","LC","LC"
"442","SVl26","nat",703.5132,601.252,538.3892,523.9772,518.7536,510.344,0.854642101953453,0.765286564630202,0.744800808286184,0.737375787689556,0.725422067418209,"LC","LC","LC","LC","LC"
"443","SVl27","nat",539.908,442.2076,436.782,428.3168,428.0332,426.688,0.81904250353764,0.808993384058025,0.793314416530224,0.792789141853797,0.790297606258844,"LC","LC","LC","LC","LC"
"444","SVl3","nat",19839.1584,15762.6916,15175.7436,15006.9544,14942.614,14882.14,0.794524207236533,0.764938879665379,0.756430998605263,0.753187897325322,0.750139683344632,"LC","LC","LC","LC","LC"
"445","SVl4","nat",2722.0444,2027.8216,1977.182,1970.0104,1969.22,1968.0536,0.744962719932121,0.726359202663998,0.723724565256908,0.723434195268821,0.723005693808668,"LC","LC","LC","LC","LC"
"446","SVl5","nat",3568.624,3098.4716,2993.8592,2981.9072,2977.3808,2975.3692,0.868253870399347,0.838939378315003,0.835590188263039,0.834321800223279,0.833758109568282,"LC","LC","LC","LC","LC"
"447","SVl6","nat",760.2468,758.7256,758.638,757.8224,757.7924,757.7016,0.997999070828052,0.9978838450882,0.996811035574237,0.996771574704425,0.996652139805126,"LC","LC","LC","LC","LC"
"448","SVl7","nat",323.4536,293.2524,288.9228,287.4316,286.722,286.2132,0.906628956981774,0.89324342038549,0.888633176443236,0.886439353279728,0.88486633013205,"LC","LC","LC","LC","LC"
"449","SVl8","nat",3399.5656,1997.3848,1815.4912,1783.0972,1757.1012,1748.3556,0.587541184673712,0.534036230981982,0.524507366470587,0.51686050711891,0.514287943141912,"LC","LC","LC","LC","LC"
"450","SVl9","nat",3562.4732,1337.354,1193.8972,1128.4212,1121.308,1115.6136,0.375400438100138,0.335131559726541,0.316752193391939,0.314755490651831,0.3131570505569,"VU","VU","VU","VU","VU"
"451","SVmp1","nat",8796.3576,8406.836,8233.5284,8203.8444,8158.2776,8133.022,0.955717853034988,0.936015652660597,0.93264107407366,0.927460884491554,0.924589741553936,"LC","LC","LC","LC","LC"
"452","SVmp2","nat",2779.8908,2741.032,2726.9184,2727.6976,2720.6736,2718.2392,0.986021465303601,0.980944431342411,0.981224730122493,0.978698012166521,0.977822294314582,"LC","LC","LC","LC","LC"
"453","SVmp3","nat",277.0592,276.9384,276.928,276.912,276.8908,276.878,0.999563992099883,0.9995264549959,0.999468705605156,0.99939218766242,0.999345988149825,"LC","LC","LC","LC","LC"
"454","SVmp4","nat",2804.706,2800.6376,2800.5668,2801.104,2801.0552,2800.2144,0.998549437980309,0.998524194692777,0.998715729919642,0.998698330591513,0.998398548724893,"LC","LC","LC","LC","LC"
"455","SVmp5","nat",5315.1356,4833.8992,4752.448,4742.5676,4730.6428,4722.0828,0.909459243147061,0.894134855186009,0.89227593741917,0.890032382240634,0.888421887110463,"LC","LC","LC","LC","LC"
"456","SVmp6","nat",3154.1124,2563.3996,2471.538,2452.8868,2444.4892,2431.4684,0.812716629882943,0.783592239769261,0.777678943844867,0.77501651494728,0.770888317106264,"LC","LC","LC","LC","LC"
"457","SVmp7","nat",2225.5536,2094.296,2045.8584,2035.4956,2030.1208,2027.626,0.941022494358257,0.91925820164475,0.914601921966741,0.912186882400855,0.911065902883669,"LC","LC","LC","LC","LC"
"458","SVmp8","nat",310.438,310.3024,310.3008,310.294,310.2928,310.2836,0.999563197804393,0.999558043796185,0.999536139261302,0.999532273755146,0.999502638207951,"LC","LC","LC","LC","LC"
"459","SVs1","nat",2706.5924,2083.5492,2043.156,1979.2948,1975.5564,1972.284,0.769805309436323,0.754881303886023,0.731286617076143,0.729905396911629,0.728696348958935,"LC","LC","LC","LC","LC"
"460","SVs2","nat",2215.6012,1724.7276,1681.9944,1636.8384,1633.782,1631.75,0.778446771016372,0.759159364961528,0.738778440813265,0.737398950677586,0.736481818117809,"LC","LC","LC","LC","LC"
"461","SVs3","nat",1533.5048,1109.0464,1056.9168,1020.0856,1016.3196,1014.296,0.723210256661733,0.689216492833932,0.665198830809007,0.662743018476369,0.661423426910695,"LC","LC","LC","LC","LC"
"462","SVs4","nat",803.1036,369.5864,343.7804,332.116,327.4648,325.9052,0.460197663165749,0.42806482252103,0.413540668974713,0.407749137222147,0.405807171079796,"VU","VU","VU","VU","VU"
"463","SVs5","nat",1812.6008,375.5448,287.8528,255.7072,252.3812,250.3336,0.207185608656909,0.158806506098861,0.141071988934353,0.139237056499148,0.138107408978303,"EN","EN","EN","EN","EN"
"464","SVs6","nat",10185.4844,7324.1972,7169.2912,7063.0464,7044.2944,7037.5756,0.719081873023143,0.703873367083062,0.693442365882962,0.691601314513819,0.690941669892499,"LC","LC","LC","LC","LC"
"465","SVs7","nat",7762.2768,5224.1444,4931.6712,4828.0532,4803.496,4782.816,0.673017019954764,0.635338229628709,0.62198931117736,0.618825651772686,0.616161484991105,"LC","LC","LC","LC","LC"
"466","SVs8","nat",1527.7652,962.1904,903.9,866.9884,857.2884,848.6824,0.629802537719801,0.591648507244438,0.567487988337475,0.56113884515762,0.555505780600317,"LC","LC","LC","LC","LC"
