"","T_MAPCODE","prplost_nat","prplost_alt","prplost_nmb","prplost_coct","A3_nat","A3_alt","A3_nmb","A3_coct","ext_wc","ext_kzn","ext_mpl","ext_nmb","ext_coct","A3_fin","A3_source","A3_prplost"
"1","AT15",0.001780724343872,0.00175385711545313,0.00175385711545313,0.00175385711545313,"LC","LC","LC","LC",0,0,0,0,0,"LC","A3_nat",0.001780724343872
"2","AT16",0.048436651465895,0.0485782078650432,0.0485782078650432,0.0485782078650432,"LC","LC","LC","LC",0,0,0,0,0,"LC","A3_nat",0.048436651465895
"3","AT17",0.209081479116646,0.209419238904345,0.209419238904345,0.209419238904345,"LC","LC","LC","LC",0,0,0,0,0,"LC","A3_nat",0.209081479116646
"4","AT18",0.11986820356588,0.119916581189603,0.119916581189603,0.119916581189603,"LC","LC","LC","LC",0,0,0,0,0,"LC","A3_nat",0.11986820356588
"5","AT19",0.014881981750627,0.0148335745296671,0.0148777320123196,0.0148491595235445,"LC","LC","LC","LC",0.000954766410627482,0,0,0.00198857100448996,0,"LC","A3_nat",0.014881981750627
"6","AT20",0.436834814339291,0.437777377278155,0.482923697312397,0.437777377278155,"LC","LC","LC","LC",0,0,0,1,0,"LC","A3_nat, A3_nmb",0.482923697312397
"7","AT21",0.195205468813906,0.195478468676581,0.195478468676581,0.195478468676581,"LC","LC","LC","LC",0,0,0,0,0,"LC","A3_nat",0.195205468813906
"8","AT22",0.571220671220671,0.570714000575582,0.570714000575582,0.570714000575582,"VU","VU","VU","VU",0,0,0,0,0,"VU","A3_nat",0.571220671220671
"9","AT23",0.137899077356545,0.138196500257731,0.138196500257731,0.138196500257731,"LC","LC","LC","LC",0,0,0,0,0,"LC","A3_nat",0.137899077356545
"10","AT24",0.127040078964165,0.126995239918024,0.126995239918024,0.126995239918024,"LC","LC","LC","LC",0,0,0,0,0,"LC","A3_nat",0.127040078964165
"11","AT25",0.00927455098382002,0.00928069145726226,0.00928069145726226,0.00928069145726226,"LC","LC","LC","LC",0.0000212304013334947,0,0,0,0,"LC","A3_nat",0.00927455098382002
"12","AT26",0.254639053020572,0.25142704510155,0.25142704510155,0.25142704510155,"LC","LC","LC","LC",0,0,0,0,0,"LC","A3_nat",0.254639053020572
"13","AT27",0.00735947828802297,0.00730201345746176,0.00730201345746176,0.00730201345746176,"LC","LC","LC","LC",0.0000251637823487681,0,0,0,0,"LC","A3_nat",0.00735947828802297
"14","AT28",0.118658094086193,0.118809214019768,0.118809214019768,0.118809214019768,"LC","LC","LC","LC",0,0,0,0,0,"LC","A3_nat",0.118658094086193
"15","AT29",0.021103370574576,0.0211592549372869,0.0211592549372869,0.0211592549372869,"LC","LC","LC","LC",0,0,0,0,0,"LC","A3_nat",0.021103370574576
"16","AT30",0.0722975932055741,0.072142458254725,0.072142458254725,0.072142458254725,"LC","LC","LC","LC",0,0,0,0,0,"LC","A3_nat",0.0722975932055741
"17","AT31",0.127098823263633,0.127157914317888,0.127157914317888,0.127157914317888,"LC","LC","LC","LC",0,0,0,0,0,"LC","A3_nat",0.127098823263633
"18","AT32",0.04046478155734,0.0404681897411536,0.0404681897411536,0.0404681897411536,"LC","LC","LC","LC",0,0,0,0,0,"LC","A3_nat",0.04046478155734
"19","AT33",0.015728165763058,0.0178706046241562,0.0156212261308494,0.0156212261308494,"LC","LC","LC","LC",0.846346955654064,0,0,0,0,"LC","A3_nat",0.015728165763058
"20","AT34",0.034936499712285,0.0432592090276766,0.0351407947927536,0.0351407947927536,"LC","LC","LC","LC",1,0,0,0,0,"LC","A3_nat, A3_wc",0.0432592090276766
"21","AT35",0.390518648250607,0.389950375500889,0.389950375500889,0.389950375500889,"LC","LC","LC","LC",0,0,0,0,0,"LC","A3_nat",0.390518648250607
"22","AT36",0.421056726497522,0.370679528569761,0.418701622000078,0.418701622000078,"LC","LC","LC","LC",1,0,0,0,0,"LC","A3_nat, A3_wc",0.370679528569761
"23","AT37",0.399211079308721,0.371902585244703,0.398282540825313,0.398282540825313,"LC","LC","LC","LC",1,0,0,0,0,"LC","A3_nat, A3_wc",0.371902585244703
"24","AT38",0.341703089582555,0.341639432454091,0.341639432454091,0.341639432454091,"LC","LC","LC","LC",0,0,0,0,0,"LC","A3_nat",0.341703089582555
"25","AT39",0.117447518827819,0.117537571445539,0.18749684769186,0.117537571445539,"LC","LC","LC","LC",0,0,0,0.818072365605918,0,"LC","A3_nat",0.117447518827819
"26","AT40",0.223299277632777,0.179202969911799,0.223106305561742,0.223106305561742,"LC","LC","LC","LC",1,0,0,0,0,"LC","A3_nat, A3_wc",0.179202969911799
"27","AT41",0.324061789480804,0.32232629345834,0.322522700637738,0.32232629345834,"LC","LC","LC","LC",0,0,0,0.00578295575895766,0,"LC","A3_nat",0.324061789480804
"28","AT42",0.135758248073723,0.135537598834373,0.163194514065727,0.135537598834373,"LC","LC","LC","LC",0,0,0,0.310421804717315,0,"LC","A3_nat",0.135758248073723
"29","AT43",0.071079568642139,0.064161339106759,0.0714629148717891,0.0714629148717891,"LC","LC","LC","LC",1,0,0,0,0,"LC","A3_nat, A3_wc",0.064161339106759
"30","AT44",0.613017687767348,0.61324490345317,0.790891069724187,0.61324490345317,"VU","VU","EN","VU",0,0,0,1,0,"EN","A3_nmb",0.790891069724187
"31","AT45",0.382383305510332,0.382607328376744,0.382607328376744,0.382607328376744,"LC","LC","LC","LC",0,0,0,0,0,"LC","A3_nat",0.382383305510332
"32","AT46",0.034604419002213,0.0327621429535585,0.0344742453775682,0.0344742453775682,"LC","LC","LC","LC",1,0,0,0,0,"LC","A3_nat, A3_wc",0.0327621429535585
"33","AT47",0.026820397998804,0.0268533149531688,0.0268533149531688,0.0268533149531688,"LC","LC","LC","LC",0,0,0,0,0,"LC","A3_nat",0.026820397998804
"34","AT48",0.42624946017039,0.426457584153746,0.630234431802551,0.426457584153746,"LC","LC","VU","LC",0,0,0,1,0,"VU","A3_nmb",0.630234431802551
"35","AT49",0.021799088696023,0.0217897697670938,0.0217964990929931,0.0217964990929931,"LC","LC","LC","LC",0.00396796472529865,0,0,0,0,"LC","A3_nat",0.021799088696023
"36","AT50",0.107524573087621,0.108007873099597,0.114774250919729,0.108007873099597,"LC","LC","LC","LC",0,0,0,0.0980238298391029,0,"LC","A3_nat",0.107524573087621
"37","AT51",0.137360708663551,0.137263031195986,0.166145864317304,0.137263031195986,"LC","LC","LC","LC",0,0,0,0.289267369834726,0,"LC","A3_nat",0.137360708663551
"38","AT52",0.306334409864944,0.307791111600426,0.307791111600426,0.307791111600426,"LC","LC","LC","LC",0,0,0,0,0,"LC","A3_nat",0.306334409864944
"39","AT53",0.389376743362309,0.389701217263003,0.389701217263003,0.389701217263003,"LC","LC","LC","LC",0,0,0,0,0,"LC","A3_nat",0.389376743362309
"40","AT54",0.015028734223878,0.0151332763767063,0.0161772444781544,0.0151332763767063,"LC","LC","LC","LC",0,0,0,0.032103084393103,0,"LC","A3_nat",0.015028734223878
"41","AT55",0.024710568510359,0.0295054009155307,0.0244984939299538,0.0244984939299538,"LC","LC","LC","LC",1,0,0,0,0,"LC","A3_nat, A3_wc",0.0295054009155307
"42","AT56",0.335892942252304,0.335321711308726,0.335321711308726,0.335321711308726,"LC","LC","LC","LC",0,0,0,0,0,"LC","A3_nat",0.335892942252304
"43","AT57",0.230221034138597,0.230167000901998,0.374734728072557,0.230167000901998,"LC","LC","LC","LC",0,0,0,0.843998213519454,0,"LC","A3_nat",0.230221034138597
"44","AT58",0.013785455939073,0.0142102129045584,0.0137291037641773,0.0137291037641773,"LC","LC","LC","LC",0.185449014774082,0,0,0,0,"LC","A3_nat",0.013785455939073
"45","AZa1",0.02767263317722,0.0143937128945458,0.0267586383633024,0.0267586383633024,"LC","LC","LC","LC",1,0,0,0,0,"LC","A3_nat, A3_wc",0.0143937128945458
"46","AZa2",0.668832027731217,0.617275998248846,0.669039920833257,0.669039920833257,"VU","VU","VU","VU",1,0,0,0,0,"VU","A3_nat, A3_wc",0.617275998248846
"47","AZa3",0.387976678309685,0.390615734210003,0.390615734210003,0.390615734210003,"LC","LC","LC","LC",0,0,0,0,0,"LC","A3_nat",0.387976678309685
"48","AZa4",0.30152722494084,0.301687639064386,0.301687639064386,0.301687639064386,"LC","LC","LC","LC",0,0,0,0,0,"LC","A3_nat",0.30152722494084
"49","AZa5",0.348828790199308,0.349027633341316,0.34831682255089,0.349027633341316,"LC","LC","LC","LC",0,0,0,0,0,"LC","A3_nat",0.348828790199308
"50","AZa6",0.562248548529675,0.562190492164134,0.586229418685367,0.56226639618717,"VU","VU","VU","VU",0.000560098234496909,0,0,0.124794171550438,0,"VU","A3_nat",0.562248548529675
"51","AZa7",0.325864559214513,0.323842206742132,0.332360057221047,0.332365343948252,"LC","LC","LC","LC",0,0.517380893145914,0,0,0,"LC","A3_nat",0.325864559214513
"52","AZd1",0.950748400720452,0.948794432015909,0.948794432015909,0.948794432015909,"CR","CR","CR","CR",0,0,0,0,0,"CR","A3_nat",0.950748400720452
"53","AZd2",0.279903147699758,0.275762983575814,0.275793230694776,0.275793230694776,"LC","LC","LC","LC",0.129971870179365,0,0,0,0,"LC","A3_nat",0.279903147699758
"54","AZd3",0.022280412281212,0.0204137590406514,0.0243795702615002,0.0244540200142726,"LC","LC","LC","LC",0.280584775570312,0,0,0.0798882164199838,0.0174630066441865,"LC","A3_nat",0.022280412281212
"55","AZd4",0.064418707352166,0.0417046620312322,0.0590146182999459,0.0603983813974695,"LC","LC","LC","LC",0,0.834164481933204,0,0,0,"LC","A3_nat",0.064418707352166
"56","AZi1",0.120079641922222,0.115147513981808,0.120130783324422,0.120130783324422,"LC","LC","LC","LC",0.525662913254863,0,0,0,0,"LC","A3_nat",0.120079641922222
"57","AZi3",0.00243278019696502,0.0112751266858301,0.0111336051204545,0.0112751266858301,"LC","LC","LC","LC",0,0,0,0,0,"LC","A3_nat",0.00243278019696502
"58","AZi5",0.069916232489456,0.0702248304389962,0.0700650490891111,0.0700650490891111,"LC","LC","LC","LC",0.00129571239727886,0,0,0,0,"LC","A3_nat",0.069916232489456
"59","AZi6",0.14481773870173,0.141571678151431,0.145010356314704,0.145010356314704,"LC","LC","LC","LC",0.392047252463184,0,0,0,0,"LC","A3_nat",0.14481773870173
"60","AZi7",0.068750582130764,0.0616158063530591,0.0687716967147838,0.0687716967147838,"LC","LC","LC","LC",0.578077189651187,0,0,0,0,"LC","A3_nat",0.068750582130764
"61","AZi8",0.646920078432297,0.614099341852615,0.647948605377735,0.647948605377735,"VU","VU","VU","VU",1,0,0,0,0,"VU","A3_nat, A3_wc",0.614099341852615
"62","AZs3",0.076690523198421,0.204617613513763,0.0738263308775932,0.073425603403101,"LC","LC","LC","LC",0,0.971794950833821,0,0,0,"LC","A3_nat, A3_kzn",0.204617613513763
"63","CB1",0.646549134437061,0.640674844636071,0.646241891798501,0.64632124670819,"VU","VU","VU","VU",0,0.999946172993208,0,0,0,"VU","A3_nat, A3_kzn",0.640674844636071
"64","CB2",0.642588743332598,0.654950633751557,0.642640618416616,0.642628498751318,"VU","VU","VU","VU",0,1,0,0,0,"VU","A3_nat, A3_kzn",0.654950633751557
"65","CB3",0.837676156212791,0.821466653673887,0.837523005766882,0.837523005766882,"EN","EN","EN","EN",0,0.999995074590498,0,0,0,"EN","A3_nat, A3_kzn",0.821466653673887
"66","CB4",0.506816511762729,0.48723668371027,0.506708918719982,0.506708918719982,"VU","LC","VU","VU",0,0.287871449215067,0,0,0,"VU","A3_nat",0.506816511762729
"67","CB5",0.45513764658692,0.454982348632801,0.454982348632801,0.454982348632801,"LC","LC","LC","LC",0,0,0,0,0,"LC","A3_nat",0.45513764658692
"68","CB6",0.63296572037726,0.602113875725427,0.633189475715866,0.633189475715866,"VU","VU","VU","VU",0,1,0,0,0,"VU","A3_nat, A3_kzn",0.602113875725427
"69","Dg1",0.00903632031606305,0.00893653452979301,0.00893653452979301,0.00893653452979301,"LC","LC","LC","LC",0,0,0,0,0,"LC","A3_nat",0.00903632031606305
"70","Dg10",0.00494994863098697,0.00494119300518333,0.00494119300518333,0.00494119300518333,"LC","LC","LC","LC",0,0,0,0,0,"LC","A3_nat",0.00494994863098697
"71","Dg2",0.000101817779376012,0.000101812708882052,0.000101812708882052,0.000101812708882052,"LC","LC","LC","LC",0,0,0,0,0,"LC","A3_nat",0.000101817779376012
"72","Dg3",0.022487886428552,0.0224694110120357,0.0224694110120357,0.0224694110120357,"LC","LC","LC","LC",0,0,0,0,0,"LC","A3_nat",0.022487886428552
"73","Dg4",0.00562896337277696,0.0056774116939838,0.0056774116939838,0.0056774116939838,"LC","LC","LC","LC",0,0,0,0,0,"LC","A3_nat",0.00562896337277696
"74","Dg5",0.000593632130422961,0.000592947971179217,0.000592947971179217,0.000592947971179217,"LC","LC","LC","LC",0,0,0,0,0,"LC","A3_nat",0.000593632130422961
"75","Dg6",0.01420302543898,0.0141626514819682,0.0141626514819682,0.0141626514819682,"LC","LC","LC","LC",0,0,0,0,0,"LC","A3_nat",0.01420302543898
"76","Dg7",0.011981953387141,0.0116362670673887,0.0116362670673887,0.0116362670673887,"LC","LC","LC","LC",0,0,0,0,0,"LC","A3_nat",0.011981953387141
"77","Dg8",0.000800701167136042,0.000783220434594101,0.000783220434594101,0.000783220434594101,"LC","LC","LC","LC",0,0,0,0,0,"LC","A3_nat",0.000800701167136042
"78","Dg9",0.016198162546491,0.0161464904773571,0.0161464904773571,0.0161464904773571,"LC","LC","LC","LC",0,0,0,0,0,"LC","A3_nat",0.016198162546491
"79","Dn1",0.920832163250023,0.921717762695998,0.921717762695998,0.921717762695998,"CR","CR","CR","CR",0,0,0,0,0,"CR","A3_nat",0.920832163250023
"80","Dn2",0.345346123930516,0.349844398340249,0.349844398340249,0.349844398340249,"LC","LC","LC","LC",0,0,0,0,0,"LC","A3_nat",0.345346123930516
"81","Dn3",0.123811484079747,0.123962499892783,0.123962499892783,0.123962499892783,"LC","LC","LC","LC",0,0,0,0,0,"LC","A3_nat",0.123811484079747
"82","Dn4",0.102544158278606,0.101952089760744,0.101952089760744,0.101952089760744,"LC","LC","LC","LC",0,0,0,0,0,"LC","A3_nat",0.102544158278606
"83","Dn5",0.080978187587323,0.0810454653690314,0.0810454653690314,0.0810454653690314,"LC","LC","LC","LC",0,0,0,0,0,"LC","A3_nat",0.080978187587323
"84","FFa1",0.70586876309248,0.665158903835686,0.706157315352743,0.706157315352743,"EN","VU","EN","EN",1,0,0,0,0,"EN","A3_nat",0.70586876309248
"85","FFa2",0.663215120673873,0.621020786836253,0.662752340103866,0.662752340103866,"VU","VU","VU","VU",1,0,0,0,0,"VU","A3_nat, A3_wc",0.621020786836253
"86","FFa3",0.712881794976045,0.606831574447397,0.712911256590583,0.711140914844215,"EN","VU","EN","EN",1,0,0,0,0.051235970125483,"EN","A3_nat",0.712881794976045
"87","FFa4",0.857083863479096,0.669567740063824,0.85722255696146,0.957465800807837,"EN","VU","EN","CR",1,0,0,0,1,"CR","A3_coct",0.957465800807837
"88","FFb1",0.074689825591395,0.062052523074541,0.0748349156012283,0.0748349156012283,"LC","LC","LC","LC",1,0,0,0,0,"LC","A3_nat, A3_wc",0.062052523074541
"89","FFb2",0.047007822743937,0.0221720062439605,0.0470170222255259,0.0469991823385119,"LC","LC","LC","LC",1,0,0,0,0.0242116999925667,"LC","A3_nat, A3_wc",0.0221720062439605
"90","FFb3",0.00174503665803005,0.010734754277959,0.00177822471854995,0.00177822471854995,"LC","LC","LC","LC",1,0,0,0,0,"LC","A3_nat, A3_wc",0.010734754277959
"91","FFb4",0.127587052793307,0.119381777551007,0.127706983743566,0.127706983743566,"LC","LC","LC","LC",1,0,0,0,0,"LC","A3_nat, A3_wc",0.119381777551007
"92","FFb5",0.115915180054175,0.106597973147526,0.116499730589529,0.116499730589529,"LC","LC","LC","LC",0.100312959012703,0,0,0,0,"LC","A3_nat",0.115915180054175
"93","FFb6",0.624982702154158,0.585336101073781,0.620932318495169,0.620932318495169,"VU","VU","VU","VU",0.234591630147869,0,0,0,0,"VU","A3_nat",0.624982702154158
"94","FFc1",0.552887093448791,0.499615719157435,0.553255341963928,0.553255341963928,"VU","LC","VU","VU",1,0,0,0,0,"VU","A3_nat",0.552887093448791
"95","FFd1",0.149350549525556,0.0878607815067348,0.149274808878656,0.149274808878656,"LC","LC","LC","LC",0.477171822269449,0,0,0,0,"LC","A3_nat",0.149350549525556
"96","FFd10",0.803690430040322,0.702014367997975,0.802534970567757,0.802534970567757,"EN","EN","EN","EN",1,0,0,0,0,"EN","A3_nat, A3_wc",0.702014367997975
"97","FFd11",0.216567027803159,0.207696604868982,0.214896183022779,0.214896183022779,"LC","LC","LC","LC",0.0528143093573633,0,0,0,0,"LC","A3_nat",0.216567027803159
"98","FFd2",0.631770183096355,0.567701162129114,0.631665936330798,0.631665936330798,"VU","VU","VU","VU",1,0,0,0,0,"VU","A3_nat, A3_wc",0.567701162129114
"99","FFd3",0.367767823925774,0.297738270407585,0.367725188444451,0.367725188444451,"LC","LC","LC","LC",1,0,0,0,0,"LC","A3_nat, A3_wc",0.297738270407585
"100","FFd4",0.519850412949195,0.355144174587353,0.519885359273981,0.576626945679174,"VU","LC","VU","VU",1,0,0,0,0.363959923348382,"VU","A3_nat",0.519850412949195
"101","FFd5",0.84043699284798,0.698872773107433,0.840477464439744,0.953784056508577,"EN","VU","EN","CR",1,0,0,0,0.970413436228548,"CR","A3_coct",0.953784056508577
"102","FFd6",0.419549157379477,0.355283238664584,0.41995448675691,0.439478223177438,"LC","LC","LC","LC",1,0,0,0,0.368106414296938,"LC","A3_nat, A3_wc",0.355283238664584
"103","FFd7",0.516868408630935,0.441431857900616,0.516570124144576,0.516570124144576,"VU","LC","VU","VU",1,0,0,0,0,"VU","A3_nat",0.516868408630935
"104","FFd8",0.555522797534959,0.510785092496294,0.554760754383235,0.554760754383235,"VU","VU","VU","VU",1,0,0,0,0,"VU","A3_nat, A3_wc",0.510785092496294
"105","FFd9",0.489371145778963,0.411649977882334,0.488066513853702,0.488066513853702,"LC","LC","LC","LC",1,0,0,0,0,"LC","A3_nat, A3_wc",0.411649977882334
"106","FFf1",0.663535069659782,0.567150329245976,0.663581216408985,0.663581216408985,"VU","VU","VU","VU",1,0,0,0,0,"VU","A3_nat, A3_wc",0.567150329245976
"107","FFf2",0.52261752242042,0.39204472622933,0.521441178500646,0.521441178500646,"VU","LC","VU","VU",1,0,0,0,0,"VU","A3_nat",0.52261752242042
"108","FFg1",0.012268272814791,0.0122308110243999,0.0122308110243999,0.0122308110243999,"LC","LC","LC","LC",0,0,0,0,0,"LC","A3_nat",0.012268272814791
"109","FFg2",0.466463812612932,0.358138018795692,0.466089966190349,0.471659512618885,"LC","LC","LC","LC",1,0,0,0,0.18340189666873,"LC","A3_nat, A3_wc",0.358138018795692
"110","FFg3",0.659970630400586,0.556182908127701,0.659099226265161,0.589044855708908,"VU","VU","VU","VU",1,0,0,0,0.999472849574794,"VU","A3_nat, A3_coct",0.589044855708908
"111","FFg4",0.165324199834652,0.138353641258147,0.167115330121848,0.167115330121848,"LC","LC","LC","LC",1,0,0,0,0,"LC","A3_nat, A3_wc",0.138353641258147
"112","FFg5",0.643376130820292,0.563117225963716,0.643003728646993,0.643003728646993,"VU","VU","VU","VU",1,0,0,0,0,"VU","A3_nat, A3_wc",0.563117225963716
"113","FFh1",0.535490208356894,0.452134977214698,0.53535834046737,0.53535834046737,"VU","LC","VU","VU",1,0,0,0,0,"VU","A3_nat",0.535490208356894
"114","FFh10",0.018778003555649,0.018868750794615,0.018868750794615,0.018868750794615,"LC","LC","LC","LC",0,0,0,0,0,"LC","A3_nat",0.018778003555649
"115","FFh11",0.57504830076331,0.488892410077642,0.575059420060212,0.478814767865631,"VU","LC","VU","LC",1,0,0,0,1,"VU","A3_nat",0.57504830076331
"116","FFh2",0.049310079411268,0.0318804988227872,0.0495217925176582,0.0495217925176582,"LC","LC","LC","LC",1,0,0,0,0,"LC","A3_nat, A3_wc",0.0318804988227872
"117","FFh3",0.152297182896117,0.0867409699183658,0.152474319582084,0.152474319582084,"LC","LC","LC","LC",1,0,0,0,0,"LC","A3_nat, A3_wc",0.0867409699183658
"118","FFh4",0.357438240826064,0.313367307136392,0.358714381471864,0.358714381471864,"LC","LC","LC","LC",1,0,0,0,0,"LC","A3_nat, A3_wc",0.313367307136392
"119","FFh5",0.573798515315864,0.365914166400808,0.574622281690007,0.499788106337287,"VU","LC","VU","LC",1,0,0,0,0.476622653099123,"VU","A3_nat",0.573798515315864
"120","FFh6",0.759892605001367,0.688982018615449,0.759952881701869,0.749640386621953,"EN","VU","EN","EN",1,0,0,0,0.0301087642610858,"EN","A3_nat",0.759892605001367
"121","FFh7",0.444238573539671,0.402129246077053,0.445081744625499,0.445081744625499,"LC","LC","LC","LC",0.999998499685684,0,0,0,0,"LC","A3_nat, A3_wc",0.402129246077053
"122","FFh8",0.226615323000349,0.154061018633753,0.226331877448639,0.226331877448639,"LC","LC","LC","LC",1,0,0,0,0,"LC","A3_nat, A3_wc",0.154061018633753
"123","FFh9",0.567512692516773,0.481360993777536,0.567542268474361,0.567542268474361,"VU","LC","VU","VU",0.934058057410183,0,0,0,0,"VU","A3_nat",0.567512692516773
"124","FFl1",0.102824516968986,0.0873178381015437,0.102533365857058,0.102533365857058,"LC","LC","LC","LC",1,0,0,0,0,"LC","A3_nat, A3_wc",0.0873178381015437
"125","FFl2",0.047023522131868,0.0406248613758772,0.0470892822885467,0.0470892822885467,"LC","LC","LC","LC",1,0,0,0,0,"LC","A3_nat, A3_wc",0.0406248613758772
"126","FFl3",0.21386237964737,0.203012901609063,0.214075970753119,0.214075970753119,"LC","LC","LC","LC",1,0,0,0,0,"LC","A3_nat, A3_wc",0.203012901609063
"127","FFq1",0,0,0,0,"LC","LC","LC","LC",0,0,0,0,0,"LC","A3_nat",0
"128","FFq2",0.0174808794528351,0.0106167007289764,0.0175104003234603,0.0175104003234603,"LC","LC","LC","LC",0.997830395697045,0,0,0,0,"LC","A3_nat, A3_wc",0.0106167007289764
"129","FFq3",0.014416381486039,0.00929217830788427,0.0141875959622976,0.0141875959622976,"LC","LC","LC","LC",1,0,0,0,0,"LC","A3_nat, A3_wc",0.00929217830788427
"130","FFq4",0.066783845650752,0.0595768169273229,0.0669038127363794,0.0669038127363794,"LC","LC","LC","LC",1,0,0,0,0,"LC","A3_nat, A3_wc",0.0595768169273229
"131","FFq5",0.00127259839490101,0.0012867391807452,0.00128879631772481,0.00128879631772481,"LC","LC","LC","LC",0.0942405307413407,0,0,0,0,"LC","A3_nat",0.00127259839490101
"132","FFq6",0.021519218543093,0.0213552108974153,0.0213552108974153,0.0213552108974153,"LC","LC","LC","LC",0,0,0,0,0,"LC","A3_nat",0.021519218543093
"133","FFs1",0.210650557569499,0.199877178271361,0.21063374276539,0.21063374276539,"LC","LC","LC","LC",0.562079008212569,0,0,0,0,"LC","A3_nat",0.210650557569499
"134","FFs10",0.039946226160798,0.0268410612919314,0.0399876647085026,0.0399876647085026,"LC","LC","LC","LC",1,0,0,0,0,"LC","A3_nat, A3_wc",0.0268410612919314
"135","FFs11",0.164853930303244,0.0949207640948906,0.164859247980819,0.150480840749394,"LC","LC","LC","LC",1,0,0,0,0.103516831613857,"LC","A3_nat, A3_wc",0.0949207640948906
"136","FFs12",0.10983815609187,0.0680260434930947,0.109428658830647,0.109428658830647,"LC","LC","LC","LC",1,0,0,0,0,"LC","A3_nat, A3_wc",0.0680260434930947
"137","FFs13",0.0199960865769589,0.0170839567346914,0.020068757281378,0.020068757281378,"LC","LC","LC","LC",1,0,0,0,0,"LC","A3_nat, A3_wc",0.0170839567346914
"138","FFs14",0.071827348649754,0.0577150690427631,0.0726303119462369,0.0726303119462369,"LC","LC","LC","LC",1,0,0,0,0,"LC","A3_nat, A3_wc",0.0577150690427631
"139","FFs15",0.087784587736277,0.0732056187338364,0.087149392747756,0.087149392747756,"LC","LC","LC","LC",1,0,0,0,0,"LC","A3_nat, A3_wc",0.0732056187338364
"140","FFs16",0.034567606235973,0.0245080371945506,0.0347315685308376,0.0347315685308376,"LC","LC","LC","LC",1,0,0,0,0,"LC","A3_nat, A3_wc",0.0245080371945506
"141","FFs17",0.066552005271446,0.0490468285929091,0.0664763549474844,0.0664763549474844,"LC","LC","LC","LC",1,0,0,0,0,"LC","A3_nat, A3_wc",0.0490468285929091
"142","FFs18",0.166690866189686,0.129390061392585,0.166231074260995,0.166231074260995,"LC","LC","LC","LC",1,0,0,0,0,"LC","A3_nat, A3_wc",0.129390061392585
"143","FFs19",0.333108432728792,0.227694973500453,0.333200519476155,0.333200519476155,"LC","LC","LC","LC",1,0,0,0,0,"LC","A3_nat, A3_wc",0.227694973500453
"144","FFs2",0.301805282937055,0.271823676273698,0.302021740891267,0.302021740891267,"LC","LC","LC","LC",1,0,0,0,0,"LC","A3_nat, A3_wc",0.271823676273698
"145","FFs20",0.317941083980553,0.306661134878579,0.317630155531072,0.317630155531072,"LC","LC","LC","LC",0.379956050825391,0,0,0,0,"LC","A3_nat",0.317941083980553
"146","FFs21",0.000944902864740027,0.0037369883944772,0.000894665681529175,0.000894665681529175,"LC","LC","LC","LC",1,0,0,0,0,"LC","A3_nat, A3_wc",0.0037369883944772
"147","FFs22",0.00759362761558902,0.0038464747687119,0.00777844964610166,0.00777844964610166,"LC","LC","LC","LC",1,0,0,0,0,"LC","A3_nat, A3_wc",0.0038464747687119
"148","FFs23",0.00713970225503102,0.00688244781017718,0.00698805721870817,0.00698805721870817,"LC","LC","LC","LC",0.997812242430387,0,0,0,0,"LC","A3_nat, A3_wc",0.00688244781017718
"149","FFs24",0.00233335828443604,0.00317006473613645,0.00238870296157868,0.00238870296157868,"LC","LC","LC","LC",0.995115290501384,0,0,0,0,"LC","A3_nat, A3_wc",0.00317006473613645
"150","FFs25",0.00500107647028403,0.00435359357881027,0.00500903791595159,0.00500903791595159,"LC","LC","LC","LC",1,0,0,0,0,"LC","A3_nat, A3_wc",0.00435359357881027
"151","FFs26",0.056217215610005,0.0518829838436067,0.0570562909465811,0.0570562909465811,"LC","LC","LC","LC",1,0,0,0,0,"LC","A3_nat, A3_wc",0.0518829838436067
"152","FFs27",0.102776380878567,0.0941618632684903,0.103696304161931,0.102921923188132,"LC","LC","LC","LC",0.388649026472277,0,0,0.0119078553225958,0,"LC","A3_nat",0.102776380878567
"153","FFs28",0.087774087034633,0.0867730353879858,0.0888558835871463,0.0879138636646539,"LC","LC","LC","LC",0.0741812802488046,0,0,0.0282997868091348,0,"LC","A3_nat",0.087774087034633
"154","FFs29",0.605976605373367,0.605768482688208,0.64868559172012,0.605768482688208,"VU","VU","VU","VU",0,0,0,0.999080758039477,0,"VU","A3_nat, A3_nmb",0.64868559172012
"155","FFs3",0.0579955298507699,0.0335303344845137,0.057992514919586,0.057992514919586,"LC","LC","LC","LC",1,0,0,0,0,"LC","A3_nat, A3_wc",0.0335303344845137
"156","FFs30",0.00119386438979696,0.0000959304184698032,0.00120445969856531,0.00120445969856531,"LC","LC","LC","LC",1,0,0,0,0,"LC","A3_nat, A3_wc",0.0000959304184698032
"157","FFs31",0.000881286048139973,0.00301513076063168,0.000897454064522224,0.000897454064522224,"LC","LC","LC","LC",1,0,0,0,0,"LC","A3_nat, A3_wc",0.00301513076063168
"158","FFs32",0.353383381805015,0.33557583442283,0.35340196613035,0.35340196613035,"LC","LC","LC","LC",0.722367853396491,0,0,0,0,"LC","A3_nat",0.353383381805015
"159","FFs4",0.115262557258563,0.0957879505514249,0.115227422837053,0.115227422837053,"LC","LC","LC","LC",1,0,0,0,0,"LC","A3_nat, A3_wc",0.0957879505514249
"160","FFs5",0.074761836853623,0.0479101143535622,0.0746270023141138,0.0746270023141138,"LC","LC","LC","LC",1,0,0,0,0,"LC","A3_nat, A3_wc",0.0479101143535622
"161","FFs6",0.123370327594541,0.0987501442650618,0.123233580743973,0.123233580743973,"LC","LC","LC","LC",1,0,0,0,0,"LC","A3_nat, A3_wc",0.0987501442650618
"162","FFs7",0.05833565101941,0.0540527372990683,0.0580457419284771,0.0580457419284771,"LC","LC","LC","LC",0.999998985001365,0,0,0,0,"LC","A3_nat, A3_wc",0.0540527372990683
"163","FFs8",0.012549945832072,0.0119565475766003,0.0132514127792561,0.0132514127792561,"LC","LC","LC","LC",1,0,0,0,0,"LC","A3_nat, A3_wc",0.0119565475766003
"164","FFs9",0.0736872420782479,0.0742064092490944,0.07327668712663,0.0572234851454104,"LC","LC","LC","LC",1,0,0,0,0.999961717324369,"LC","A3_nat, A3_coct",0.0572234851454104
"165","FFt1",0.0227502158267699,0.0209740550267707,0.0227558027790919,0.0227558027790919,"LC","LC","LC","LC",1,0,0,0,0,"LC","A3_nat, A3_wc",0.0209740550267707
"166","FFt2",0.140136691001807,0.140293056944571,0.140300633390914,0.140293056944571,"LC","LC","LC","LC",0,0,0,0.0086674546170864,0,"LC","A3_nat",0.140136691001807
"167","FOa1",0.244150552595738,0.24818905844634,0.244092490002152,0.245794106651259,"LC","LC","LC","LC",0,0.571004542931267,0,0,0,"LC","A3_nat",0.244150552595738
"168","FOa2",0.274924675717521,0.226989008191145,0.276338768901495,0.276485962867338,"LC","LC","LC","LC",0,0.999546483456592,0,0,0,"LC","A3_nat, A3_kzn",0.226989008191145
"169","FOa3",0.136929251540748,0.110542562829245,0.137351944435124,0.137200952924202,"LC","LC","LC","LC",0,0.875733986511425,0,0,0,"LC","A3_nat",0.136929251540748
"170","FOz1",0.197784801292453,0.136787252316183,0.199218091705194,0.198628259558631,"LC","LC","LC","LC",0.826517777195729,0,0,0.000725361564060238,0.00441460428455696,"LC","A3_nat",0.197784801292453
"171","FOz2",0.147857835544104,0.132620204930976,0.148086270596348,0.148144202935114,"LC","LC","LC","LC",0,0.298076833231485,0.549531215252277,0,0,"LC","A3_nat",0.147857835544104
"172","FOz3",0.167493006517711,0.135088009345685,0.169256476470271,0.169199233394706,"LC","LC","LC","LC",0,0.418335785621669,0,0,0,"LC","A3_nat",0.167493006517711
"173","FOz4",0.2579833901105,0.180854605993341,0.258335388662803,0.257588276400707,"LC","LC","LC","LC",0,0,0.560752456118716,0,0,"LC","A3_nat",0.2579833901105
"174","FOz5",0.080906634235991,0.0809691856225214,0.0805793063041677,0.0806467091273669,"LC","LC","LC","LC",0,0.371578009589596,0.0656748636565493,0,0,"LC","A3_nat",0.080906634235991
"175","FOz6",0.185201020976665,0.184309177992857,0.184954846400021,0.184954846400021,"LC","LC","LC","LC",0.0529210557002371,0,0,0,0,"LC","A3_nat",0.185201020976665
"176","FOz7",0.243080029303823,0.250917201174065,0.242832990815506,0.242848887689664,"LC","LC","LC","LC",0,0.998065368329533,0,0,0,"LC","A3_nat, A3_kzn",0.250917201174065
"177","FOz8",0.079815906820158,0.0911647421580418,0.0801270748373135,0.0803817670515684,"LC","LC","LC","LC",0,0.999793533530456,0,0,0,"LC","A3_nat, A3_kzn",0.0911647421580418
"178","FOz9",0.004683817801447,0.00503164991083152,0.00503164991083152,0.00503164991083152,"LC","LC","LC","LC",0,0,0,0,0,"LC","A3_nat",0.004683817801447
"179","FRa1",0.649557543462011,0.57344092365417,0.649220883818208,0.649220883818208,"VU","VU","VU","VU",1,0,0,0,0,"VU","A3_nat, A3_wc",0.57344092365417
"180","FRa2",0.420769913749366,0.349628708947131,0.419676206299582,0.419676206299582,"LC","LC","LC","LC",1,0,0,0,0,"LC","A3_nat, A3_wc",0.349628708947131
"181","FRc1",0.873324784092079,0.802777590827933,0.873056656360232,0.876599905777278,"EN","EN","EN","EN",1,0,0,0,0.107987948993044,"EN","A3_nat, A3_wc",0.802777590827933
"182","FRc2",0.86415644844486,0.806713669086694,0.86318330181197,0.86318330181197,"EN","EN","EN","EN",1,0,0,0,0,"EN","A3_nat, A3_wc",0.806713669086694
"183","FRd1",0.101400309073945,0.101546400205531,0.101546400205531,0.101546400205531,"LC","LC","LC","LC",0.00217374271850852,0,0,0,0,"LC","A3_nat",0.101400309073945
"184","FRd2",0.023492467085603,0.0234222345056312,0.0234222345056312,0.0234222345056312,"LC","LC","LC","LC",0.00000345470876805085,0,0,0,0,"LC","A3_nat",0.023492467085603
"185","FRg1",0.172650615501231,0.168805494531391,0.172408465935424,0.172408465935424,"LC","LC","LC","LC",0.0514025665934377,0,0,0,0,"LC","A3_nat",0.172650615501231
"186","FRg2",0.838245558268919,0.771595599390467,0.838056761875288,0.839902683355927,"EN","EN","EN","EN",1,0,0,0,0.0729357636144068,"EN","A3_nat, A3_wc",0.771595599390467
"187","FRg3",0.017856025365569,0.0164618498195247,0.0180683928310626,0.0180683928310626,"LC","LC","LC","LC",1,0,0,0,0,"LC","A3_nat, A3_wc",0.0164618498195247
"188","FRl1",0.137550609062829,0.111019597181017,0.1376698179174,0.1376698179174,"LC","LC","LC","LC",1,0,0,0,0,"LC","A3_nat, A3_wc",0.111019597181017
"189","FRs1",0.054313912766635,0.0488523489414906,0.0542240041985351,0.0542240041985351,"LC","LC","LC","LC",0.893176608602366,0,0,0,0,"LC","A3_nat",0.054313912766635
"190","FRs10",0.900560268422385,0.831474185535039,0.900001582253445,0.895096596572839,"CR","EN","CR","EN",1,0,0,0,0.998655084571447,"CR","A3_nat",0.900560268422385
"191","FRs11",0.871782696462943,0.838599915152059,0.871611527792392,0.871611527792392,"EN","EN","EN","EN",1,0,0,0,0,"EN","A3_nat, A3_wc",0.838599915152059
"192","FRs12",0.903474909568702,0.871566554383711,0.903529317530859,0.903529317530859,"CR","EN","CR","CR",1,0,0,0,0,"CR","A3_nat",0.903474909568702
"193","FRs13",0.856016100949478,0.822261571539796,0.855975898872801,0.855975898872801,"EN","EN","EN","EN",1,0,0,0,0,"EN","A3_nat, A3_wc",0.822261571539796
"194","FRs14",0.623157999692567,0.582553972111024,0.62358145486506,0.62358145486506,"VU","VU","VU","VU",1,0,0,0,0,"VU","A3_nat, A3_wc",0.582553972111024
"195","FRs15",0.044015709973286,0.0336406263567686,0.0441503372022345,0.0441503372022345,"LC","LC","LC","LC",0.936302063735564,0,0,0,0,"LC","A3_nat",0.044015709973286
"196","FRs16",0.180839853029726,0.16974993077458,0.180742304255293,0.180742304255293,"LC","LC","LC","LC",0.530335276591539,0,0,0,0,"LC","A3_nat",0.180839853029726
"197","FRs17",0.690212920443529,0.650380382313188,0.690569608032439,0.690569608032439,"VU","VU","VU","VU",0.721299478663835,0,0,0,0,"VU","A3_nat",0.690212920443529
"198","FRs18",0.00038745847455901,0.000387461085430115,0.000387461085430115,0.000387461085430115,"LC","LC","LC","LC",0,0,0,0,0,"LC","A3_nat",0.00038745847455901
"199","FRs19",0.582230202331502,0.582600465819702,0.588537362577293,0.582600465819702,"VU","VU","VU","VU",0,0,0,0.0740241741775538,0,"VU","A3_nat",0.582230202331502
"200","FRs2",0.523213645968137,0.522482898811417,0.523188517068284,0.523188517068284,"VU","VU","VU","VU",0.00957154713200911,0,0,0,0,"VU","A3_nat",0.523213645968137
"201","FRs20",0.756609748208175,0.692082361156054,0.75719127339612,0.75719127339612,"EN","VU","EN","EN",1,0,0,0,0,"EN","A3_nat",0.756609748208175
"202","FRs3",0.021509309171921,0.0212883692845069,0.021466398114983,0.021466398114983,"LC","LC","LC","LC",0.106553984694245,0,0,0,0,"LC","A3_nat",0.021509309171921
"203","FRs4",0.570150336675414,0.485345040056809,0.570263523291027,0.570263523291027,"VU","LC","VU","VU",1,0,0,0,0,"VU","A3_nat",0.570150336675414
"204","FRs5",0.030226921887475,0.0263472802061379,0.0302532888405068,0.0302532888405068,"LC","LC","LC","LC",0.740709804004031,0,0,0,0,"LC","A3_nat",0.030226921887475
"205","FRs6",0.136392489981132,0.0894007549036579,0.136637867443926,0.136637867443926,"LC","LC","LC","LC",1,0,0,0,0,"LC","A3_nat, A3_wc",0.0894007549036579
"206","FRs7",0.195533511476076,0.152440020965889,0.195877819716742,0.195877819716742,"LC","LC","LC","LC",1,0,0,0,0,"LC","A3_nat, A3_wc",0.152440020965889
"207","FRs8",0.412740369410432,0.343380526832777,0.412812048249695,0.412812048249695,"LC","LC","LC","LC",1,0,0,0,0,"LC","A3_nat, A3_wc",0.343380526832777
"208","FRs9",0.902042373409933,0.860834797811728,0.902141872177145,0.907627541777926,"CR","EN","CR","CR",1,0,0,0,0.0923319245115648,"CR","A3_nat",0.902042373409933
"209","FS1",0.334442821109774,0.253242119667693,0.334512457010724,0.334512457010724,"LC","LC","LC","LC",1,0,0,0,0,"LC","A3_nat, A3_wc",0.253242119667693
"210","FS10",0.053686244874193,0.061053552248347,0.0535472929026887,0.0535472929026887,"LC","LC","LC","LC",1,0,0,0,0,"LC","A3_nat, A3_wc",0.061053552248347
"211","FS11",0.00384844597529299,0.0439429448844351,0.00383869403588169,0.00383869403588169,"LC","LC","LC","LC",1,0,0,0,0,"LC","A3_nat, A3_wc",0.0439429448844351
"212","FS12",0.235620598828146,0.230219065887736,0.260688742344788,0.233880802088197,"LC","LC","LC","LC",0.0551679191596147,0,0,0.895717784280066,0,"LC","A3_nat",0.235620598828146
"213","FS13",0.156075304965901,0.138865148794377,0.153298059287285,0.153298059287285,"LC","LC","LC","LC",1,0,0,0,0,"LC","A3_nat, A3_wc",0.138865148794377
"214","FS14",0.123732527763678,0.123183233977599,0.123859815590256,0.123183233977599,"LC","LC","LC","LC",0,0,0,0.0363703871779533,0,"LC","A3_nat",0.123732527763678
"215","FS2",0.737958479963484,0.678398342503724,0.737672839894479,0.737672839894479,"EN","VU","EN","EN",1,0,0,0,0,"EN","A3_nat",0.737958479963484
"216","FS3",0.646557683170939,0.55161410219057,0.646600377812877,0.646600377812877,"VU","VU","VU","VU",1,0,0,0,0,"VU","A3_nat, A3_wc",0.55161410219057
"217","FS4",0.195477876681177,0.121459673750569,0.1949177877429,0.1949177877429,"LC","LC","LC","LC",1,0,0,0,0,"LC","A3_nat, A3_wc",0.121459673750569
"218","FS5",0.143954347472948,0.112159064903564,0.149090820381701,0.149090820381701,"LC","LC","LC","LC",1,0,0,0,0.00000116166820200481,"LC","A3_nat, A3_wc",0.112159064903564
"219","FS6",0.535487150041137,0.452562795226049,0.54034125148271,0.634036511522276,"VU","LC","VU","VU",1,0,0,0,0.999362296694471,"VU","A3_nat, A3_coct",0.634036511522276
"220","FS7",0.199321784884516,0.18888423500047,0.197851043278313,0.197851043278313,"LC","LC","LC","LC",1,0,0,0,0,"LC","A3_nat, A3_wc",0.18888423500047
"221","FS9",0.558399428367274,0.469168594522035,0.556964556022049,0.556964556022049,"VU","LC","VU","VU",1,0,0,0,0,"VU","A3_nat",0.558399428367274
"222","Gd1",0.163920413878261,0.163899281789146,0.163899281789146,0.163899281789146,"LC","LC","LC","LC",0,0,0,0,0,"LC","A3_nat",0.163920413878261
"223","Gd10",0.027378948900447,0.0269541032469581,0.0275780970816277,0.0275780970816277,"LC","LC","LC","LC",0,0.0222677908541099,0,0,0,"LC","A3_nat",0.027378948900447
"224","Gd2",0.029923523719774,0.0300706102290096,0.0300706102290096,0.0300706102290096,"LC","LC","LC","LC",0,0,0,0,0,"LC","A3_nat",0.029923523719774
"225","Gd3",0.187756297558625,0.187765089744674,0.187765089744674,0.187765089744674,"LC","LC","LC","LC",0,0,0,0,0,"LC","A3_nat",0.187756297558625
"226","Gd4",0.0982645772710981,0.100929636131669,0.09829327103464,0.09829327103464,"LC","LC","LC","LC",0,0.13528963939809,0,0,0,"LC","A3_nat",0.0982645772710981
"227","Gd5",0.0981228616541771,0.102336521997126,0.0980370293521253,0.0980370293521253,"LC","LC","LC","LC",0,0.571263694674292,0,0,0,"LC","A3_nat",0.0981228616541771
"228","Gd6",0.00321965842014704,0.00848805385013685,0.0031252311561506,0.0031252311561506,"LC","LC","LC","LC",0,0.659775131296694,0,0,0,"LC","A3_nat",0.00321965842014704
"229","Gd7",0.00076053508884999,0.0052799966263141,0.000754624637351039,0.000754624637351039,"LC","LC","LC","LC",0,0.893160178508374,0,0,0,"LC","A3_nat",0.00076053508884999
"230","Gd8",0.142688326078971,0.142630691450497,0.142622599954077,0.142622599954077,"LC","LC","LC","LC",0,0.00055730181594995,0,0,0,"LC","A3_nat",0.142688326078971
"231","Gd9",0.159534242501033,0.159454190468203,0.159454190468203,0.159454190468203,"LC","LC","LC","LC",0,0,0,0,0,"LC","A3_nat",0.159534242501033
"232","Gh1",0.027726496571127,0.0274529525478483,0.027707365129554,0.027707365129554,"LC","LC","LC","LC",0.0202646502510341,0,0,0,0,"LC","A3_nat",0.027726496571127
"233","Gh10",0.776111892739829,0.776035433822981,0.776244263893489,0.776035433822981,"EN","EN","EN","EN",0,0,0,0,0,"EN","A3_nat",0.776111892739829
"234","Gh11",0.548515478419952,0.548372496919535,0.548663543974308,0.548372496919535,"VU","VU","VU","VU",0,0,0,0,0,"VU","A3_nat",0.548515478419952
"235","Gh12",0.328886126413981,0.328613242719248,0.329135269201773,0.328613242719248,"LC","LC","LC","LC",0,0,0,0,0,"LC","A3_nat",0.328886126413981
"236","Gh13",0.436102127160627,0.436148043734797,0.436050333229994,0.436148043734797,"LC","LC","LC","LC",0,0,0,0,0,"LC","A3_nat",0.436102127160627
"237","Gh14",0.599941119420647,0.599984518021767,0.599893742080779,0.599984518021767,"VU","VU","VU","VU",0,0,0,0,0,"VU","A3_nat",0.599941119420647
"238","Gh15",0.363959972644466,0.363933415903488,0.363981657293168,0.363933415903488,"LC","LC","LC","LC",0,0,0,0,0,"LC","A3_nat",0.363959972644466
"239","Gh2",0.209793668009431,0.209855496629543,0.209855496629543,0.209855496629543,"LC","LC","LC","LC",0,0,0,0,0,"LC","A3_nat",0.209793668009431
"240","Gh3",0.077301481086698,0.0773304320337499,0.0773304320337499,0.0773304320337499,"LC","LC","LC","LC",0,0,0,0,0,"LC","A3_nat",0.077301481086698
"241","Gh4",0.044279661770029,0.0442249532582501,0.0442249532582501,0.0442249532582501,"LC","LC","LC","LC",0.0000042571405473046,0,0,0,0,"LC","A3_nat",0.044279661770029
"242","Gh5",0.47939687389587,0.479373036577392,0.479373036577392,0.479373036577392,"LC","LC","LC","LC",0,0,0,0,0,"LC","A3_nat",0.47939687389587
"243","Gh6",0.345023016567317,0.345073959107914,0.344923281126943,0.345073959107914,"LC","LC","LC","LC",0,0,0,0,0,"LC","A3_nat",0.345023016567317
"244","Gh7",0.181815868537361,0.181699814401186,0.181699814401186,0.181699814401186,"LC","LC","LC","LC",0,0,0,0,0,"LC","A3_nat",0.181815868537361
"245","Gh8",0.178160433868378,0.177843391640197,0.177525263822405,0.177843391640197,"LC","LC","LC","LC",0,0,0,0,0,"LC","A3_nat",0.178160433868378
"246","Gh9",0.249820674958761,0.249772417421167,0.249723056032018,0.249772417421167,"LC","LC","LC","LC",0,0,0,0,0,"LC","A3_nat",0.249820674958761
"247","Gm1",0.340875927321638,0.340911896033937,0.340911896033937,0.340911896033937,"LC","LC","LC","LC",0,0,0,0,0,"LC","A3_nat",0.340875927321638
"248","Gm10",0.832470667785827,0.832298786645785,0.832676404724617,0.832298786645785,"EN","EN","EN","EN",0,0,0,0,0,"EN","A3_nat",0.832470667785827
"249","Gm11",0.599446273502431,0.536140342356508,0.599520235915156,0.599361019980743,"VU","VU","VU","VU",0,0,0.357270165727687,0,0,"VU","A3_nat",0.599446273502431
"250","Gm12",0.709731171595421,0.522807519834382,0.709721543847975,0.709744123845367,"EN","VU","EN","EN",0,0,0.971630754344786,0,0,"EN","A3_nat",0.709731171595421
"251","Gm13",0.458560874671382,0.368855366959904,0.458526085613333,0.458576301280968,"LC","LC","LC","LC",0,0.0374929731168946,0.718185904513024,0,0,"LC","A3_nat",0.458560874671382
"252","Gm14",0.213389362763005,0.152937153785682,0.213371846296121,0.213412267629327,"LC","LC","LC","LC",0,0.374798546581107,0.625201453418893,0,0,"LC","A3_nat",0.213389362763005
"253","Gm15",0.533520569479168,0.458363032128579,0.533513616166415,0.533554310709381,"VU","LC","VU","VU",0,0.693918603704778,0.306081396295222,0,0,"VU","A3_nat",0.533520569479168
"254","Gm16",0.448027207953068,0.359004734181997,0.448047279920075,0.447996691048624,"LC","LC","LC","LC",0,0.00856045740957716,0.625776301976699,0,0,"LC","A3_nat",0.448027207953068
"255","Gm17",0.376486920796262,0.311777493352629,0.376427666940078,0.376563959726721,"LC","LC","LC","LC",0,0,0.842059892006552,0,0,"LC","A3_nat",0.376486920796262
"256","Gm19",0.386565975209508,0.27696014177786,0.386681270079814,0.386432730107315,"LC","LC","LC","LC",0,0,0.600564689769683,0,0,"LC","A3_nat",0.386565975209508
"257","Gm2",0.245717560431967,0.245687157687459,0.245687157687459,0.245687157687459,"LC","LC","LC","LC",0,0,0,0,0,"LC","A3_nat",0.245717560431967
"258","Gm20",0.096369429256972,0.0964874326397357,0.0960940880305235,0.0964874326397357,"LC","LC","LC","LC",0,0,0,0,0,"LC","A3_nat",0.096369429256972
"259","Gm21",0.231066255116122,0.146572255216257,0.231108275478081,0.231035808663885,"LC","LC","LC","LC",0,0,0.684606114497051,0,0,"LC","A3_nat",0.231066255116122
"260","Gm22",0.625111161462663,0.495164035243131,0.625122655909289,0.625042588857392,"VU","LC","VU","VU",0,0,0.974721809583515,0,0,"VU","A3_nat",0.625111161462663
"261","Gm23",0.447002758192624,0.361306451904046,0.447120857544302,0.447083300094505,"LC","LC","LC","LC",0,0,0.675941221717639,0,0,"LC","A3_nat",0.447002758192624
"262","Gm24",0.066831980162381,0.0140681827265097,0.0659845729587147,0.0670237000919228,"LC","LC","LC","LC",0,0,0.801167019703449,0,0,"LC","A3_nat",0.066831980162381
"263","Gm25",0.758994636749874,0.759045959437392,0.759045959437392,0.759045959437392,"EN","EN","EN","EN",0,0,0,0,0,"EN","A3_nat",0.758994636749874
"264","Gm26",0.070452176609374,0.0700480052056796,0.0700480052056796,0.0700480052056796,"LC","LC","LC","LC",0,0,0,0,0,"LC","A3_nat",0.070452176609374
"265","Gm27",0.025823452696794,0.0258396467566886,0.0258396467566886,0.0258396467566886,"LC","LC","LC","LC",0,0,0,0,0,"LC","A3_nat",0.025823452696794
"266","Gm28",0.024709296132328,0.0251414981758669,0.0251414981758669,0.0251414981758669,"LC","LC","LC","LC",0,0,0,0,0,"LC","A3_nat",0.024709296132328
"267","Gm29",0.039205537993433,0.0391662851040768,0.0391418243303672,0.0391662851040768,"LC","LC","LC","LC",0,0,0,0,0,"LC","A3_nat",0.039205537993433
"268","Gm3",0.601141541732428,0.601120121012177,0.60113812435108,0.601120121012177,"VU","VU","VU","VU",0,0,0,0,0,"VU","A3_nat",0.601141541732428
"269","Gm30",0.32324965705466,0.216068546037991,0.323297679265147,0.323216823202622,"LC","LC","LC","LC",0,0,0.999918107321288,0,0,"LC","A3_nat, A3_mpl",0.216068546037991
"270","Gm31",0.488483861378166,0.392429105146865,0.488586606015043,0.488322908835573,"LC","LC","LC","LC",0,0,0.988702235892582,0,0,"LC","A3_nat, A3_mpl",0.392429105146865
"271","Gm4",0.477523531106969,0.47749594468627,0.477512753259102,0.477503661476802,"LC","LC","LC","LC",0,0.0028872862845385,0,0,0,"LC","A3_nat",0.477523531106969
"272","Gm5",0.290287030816785,0.289910281203437,0.29027584278892,0.29027584278892,"LC","LC","LC","LC",0,0.0079464396365135,0,0,0,"LC","A3_nat",0.290287030816785
"273","Gm6",0.44751617454603,0.442090930089463,0.447499767074868,0.447527750441425,"LC","LC","LC","LC",0,0,0.0511760778125224,0,0,"LC","A3_nat",0.44751617454603
"274","Gm7",0.080829594920195,0.0767109785012121,0.0813863654527533,0.0806803953432613,"LC","LC","LC","LC",0,0,0.214122066227988,0,0,"LC","A3_nat",0.080829594920195
"275","Gm8",0.620204861683133,0.543719681697847,0.620190830045286,0.62022292852995,"VU","VU","VU","VU",0,0,0.674375970130469,0,0,"VU","A3_nat",0.620204861683133
"276","Gm9",0.668112470545807,0.649587566254081,0.668086929983425,0.668147541692632,"VU","VU","VU","VU",0,0,0.159914400428363,0,0,"VU","A3_nat",0.668112470545807
"277","Gs1",0.478037258731797,0.435617212656915,0.477952319596232,0.477867756199276,"LC","LC","LC","LC",0,1,0,0,0,"LC","A3_nat, A3_kzn",0.435617212656915
"278","Gs10",0.307767233209018,0.296383847516247,0.307693170772159,0.307693170772159,"LC","LC","LC","LC",0,0.344883174734258,0,0,0,"LC","A3_nat",0.307767233209018
"279","Gs11",0.564194388252202,0.492980703381306,0.564095207354541,0.564095207354541,"VU","LC","VU","VU",0,0.99999982921835,0,0,0,"VU","A3_nat",0.564194388252202
"280","Gs12",0.46173045272082,0.453402098906331,0.461820895397897,0.461820895397897,"LC","LC","LC","LC",0,0.166802343569297,0,0,0,"LC","A3_nat",0.46173045272082
"281","Gs13",0.699232392080493,0.696952903192827,0.699061763896856,0.699061763896856,"VU","VU","VU","VU",0,0.0133339391878898,0,0,0,"VU","A3_nat",0.699232392080493
"282","Gs14",0.595609344919563,0.595679951530757,0.595679951530757,0.595679951530757,"VU","VU","VU","VU",0,0,0,0,0,"VU","A3_nat",0.595609344919563
"283","Gs15",0.395819464498629,0.395903921017831,0.395903921017831,0.395903921017831,"LC","LC","LC","LC",0,0,0,0,0,"LC","A3_nat",0.395819464498629
"284","Gs16",0.173606015082962,0.173637520903689,0.173637520903689,0.173637520903689,"LC","LC","LC","LC",0,0,0,0,0,"LC","A3_nat",0.173606015082962
"285","Gs17",0.016828298682501,0.0167644421160759,0.0167644421160759,0.0167644421160759,"LC","LC","LC","LC",0,0,0,0,0,"LC","A3_nat",0.016828298682501
"286","Gs18",0.01850882747578,0.0184932941724198,0.0184932941724198,0.0184932941724198,"LC","LC","LC","LC",0,0,0,0,0,"LC","A3_nat",0.01850882747578
"287","Gs19",0.558682383427433,0.468739563530908,0.558921766673584,0.558921766673584,"VU","LC","VU","VU",0,0.919749909630511,0,0,0,"VU","A3_nat",0.558682383427433
"288","Gs2",0.195839613968685,0.180190423342143,0.195883124677932,0.19588234822154,"LC","LC","LC","LC",0,0.531391743732121,0.153198210940943,0,0,"LC","A3_nat",0.195839613968685
"289","Gs20",0.640555972890462,0.560832960172397,0.640512113310321,0.640512113310321,"VU","VU","VU","VU",0,0.702311322007456,0,0,0,"VU","A3_nat",0.640555972890462
"290","Gs3",0.102387104698561,0.0897238629976968,0.102401608572195,0.102404593191761,"LC","LC","LC","LC",0,0.778816272329546,0.0974753791844366,0,0,"LC","A3_nat",0.102387104698561
"291","Gs4",0.429746361297055,0.401305081652276,0.429751141529805,0.429722326083865,"LC","LC","LC","LC",0,1,0,0,0,"LC","A3_nat, A3_kzn",0.401305081652276
"292","Gs6",0.368028240974159,0.374582332373407,0.368077785824992,0.368014045768116,"LC","LC","LC","LC",0,0.999805642563666,0.000194357436333592,0,0,"LC","A3_nat, A3_kzn",0.374582332373407
"293","Gs7",0.49143000220818,0.535019370468165,0.491394193217487,0.491413103394746,"LC","VU","LC","LC",0,1,0,0,0,"VU","A3_kzn",0.535019370468165
"294","Gs8",0.418581983692375,0.359111976622256,0.418553792734923,0.418553792734923,"LC","LC","LC","LC",0,1,0,0,0,"LC","A3_nat, A3_kzn",0.359111976622256
"295","Gs9",0.710275226578754,0.638881052924173,0.710292441645489,0.710292441645489,"EN","VU","EN","EN",0,0.805984343943296,0,0,0,"EN","A3_nat",0.710275226578754
"296","NKb1",0.00720032581853203,0.0072105695419973,0.0072105695419973,0.0072105695419973,"LC","LC","LC","LC",0,0,0,0,0,"LC","A3_nat",0.00720032581853203
"297","NKb2",0.010034766118837,0.010012524710292,0.010012524710292,0.010012524710292,"LC","LC","LC","LC",0,0,0,0,0,"LC","A3_nat",0.010034766118837
"298","NKb3",0.00804382488063904,0.0080753552571732,0.0080753552571732,0.0080753552571732,"LC","LC","LC","LC",0.0000787230807957211,0,0,0,0,"LC","A3_nat",0.00804382488063904
"299","NKb4",0.00257014791573296,0.00257150801986262,0.00257150801986262,0.00257150801986262,"LC","LC","LC","LC",0,0,0,0,0,"LC","A3_nat",0.00257014791573296
"300","NKb5",0.010520328944022,0.0110463884417096,0.011050000037042,0.0110463884417096,"LC","LC","LC","LC",0,0,0,0,0,"LC","A3_nat",0.010520328944022
"301","NKb6",0.00825919223165805,0.0082536952594129,0.00825363707852956,0.00825363707852956,"LC","LC","LC","LC",0.0000780205645568439,0,0,0,0,"LC","A3_nat",0.00825919223165805
"302","NKl1",0.00649357398039496,0.0117526386751025,0.00648269219333204,0.00648269219333204,"LC","LC","LC","LC",0.914591103448544,0,0,0,0,"LC","A3_nat",0.00649357398039496
"303","NKl2",0.018875801503292,0.0189263731843541,0.0188543184031084,0.0188543184031084,"LC","LC","LC","LC",0.0473160050637351,0,0,0,0,"LC","A3_nat",0.018875801503292
"304","NKl4",0.080087443913584,0.0800521301746469,0.0800521301746469,0.0800521301746469,"LC","LC","LC","LC",0,0,0,0,0,"LC","A3_nat",0.080087443913584
"305","NKu1",0.0107614791353789,0.0107710042384616,0.0107401928883812,0.0107401928883812,"LC","LC","LC","LC",0.0314572921917298,0,0,0,0,"LC","A3_nat",0.0107614791353789
"306","NKu2",0.00237891122993605,0.00295622286054095,0.00235920376319061,0.00235920376319061,"LC","LC","LC","LC",0.333469969826913,0,0,0,0,"LC","A3_nat",0.00237891122993605
"307","NKu3",0.053685533552859,0.0536731151882315,0.0536728313234492,0.0536728313234492,"LC","LC","LC","LC",0.00010486911274022,0,0,0,0,"LC","A3_nat",0.053685533552859
"308","NKu4",0.03512007753418,0.0352520687973796,0.0351081680923335,0.0351081680923335,"LC","LC","LC","LC",0.111713388965307,0,0,0,0,"LC","A3_nat",0.03512007753418
"309","SKk1",0.00413675920404999,0.0112566043110725,0.00413680566907275,0.00413680566907275,"LC","LC","LC","LC",0.788625242209852,0,0,0,0,"LC","A3_nat",0.00413675920404999
"310","SKk2",0.00577958148070601,0.0137754536383458,0.00589452677482538,0.00589452677482538,"LC","LC","LC","LC",1,0,0,0,0,"LC","A3_nat, A3_wc",0.0137754536383458
"311","SKk3",0.016698185914606,0.0259822730998879,0.0167551275462849,0.0167551275462849,"LC","LC","LC","LC",1,0,0,0,0,"LC","A3_nat, A3_wc",0.0259822730998879
"312","SKk4",0.00424544607888999,0.0107560029981947,0.00427726712035442,0.00427726712035442,"LC","LC","LC","LC",0.738113878525939,0,0,0,0,"LC","A3_nat",0.00424544607888999
"313","SKk5",0.161202189109081,0.152972579726283,0.161363584866573,0.161363584866573,"LC","LC","LC","LC",0.961881579117735,0,0,0,0,"LC","A3_nat, A3_wc",0.152972579726283
"314","SKk6",0.046708476525414,0.0556313080676425,0.0462803288550231,0.0462803288550231,"LC","LC","LC","LC",1,0,0,0,0,"LC","A3_nat, A3_wc",0.0556313080676425
"315","SKk7",0.293457931814942,0.281913549448912,0.293289531375204,0.293289531375204,"LC","LC","LC","LC",1,0,0,0,0,"LC","A3_nat, A3_wc",0.281913549448912
"316","SKk8",0.779160839160839,0.757384852302954,0.780204395912082,0.780204395912082,"EN","EN","EN","EN",1,0,0,0,0,"EN","A3_nat, A3_wc",0.757384852302954
"317","SKk9",0.017782995343416,0.0201583873290137,0.0178388841733128,0.0178388841733128,"LC","LC","LC","LC",0.859247057900738,0,0,0,0,"LC","A3_nat",0.017782995343416
"318","SKn1",0.031674024813818,0.0296116555048196,0.0317167277461003,0.0317167277461003,"LC","LC","LC","LC",0.129551968796207,0,0,0,0,"LC","A3_nat",0.031674024813818
"319","SKn2",0.00950953437991098,0.00952503148311037,0.00952503148311037,0.00952503148311037,"LC","LC","LC","LC",0,0,0,0,0,"LC","A3_nat",0.00950953437991098
"320","SKn3",0.06981090065753,0.0694571303658552,0.0697624075818917,0.0697624075818917,"LC","LC","LC","LC",0.103578551675826,0,0,0,0,"LC","A3_nat",0.06981090065753
"321","SKn4",0.091129302194479,0.083811134050201,0.0910891634384765,0.0910891634384765,"LC","LC","LC","LC",0.388175428171657,0,0,0,0,"LC","A3_nat",0.091129302194479
"322","SKn5",0.00429360599843598,0.00429605230935005,0.00429605230935005,0.00429605230935005,"LC","LC","LC","LC",0,0,0,0,0,"LC","A3_nat",0.00429360599843598
"323","SKn6",0.013327809061822,0.0112250812772499,0.0135346152876837,0.0135346152876837,"LC","LC","LC","LC",0.0345986541999546,0,0,0,0,"LC","A3_nat",0.013327809061822
"324","SKn7",0.089472704575285,0.0786622010252682,0.0896698546339855,0.0896698546339855,"LC","LC","LC","LC",1,0,0,0,0,"LC","A3_nat, A3_wc",0.0786622010252682
"325","SKr1",0.000549482956198055,0.000557497744849977,0.000557497744849977,0.000557497744849977,"LC","LC","LC","LC",0,0,0,0,0,"LC","A3_nat",0.000549482956198055
"326","SKr10",0.00334876020619301,0.00334557221199703,0.00334557221199703,0.00334557221199703,"LC","LC","LC","LC",0,0,0,0,0,"LC","A3_nat",0.00334876020619301
"327","SKr11",0.00893288117133095,0.00888019777778466,0.00888019777778466,0.00888019777778466,"LC","LC","LC","LC",0,0,0,0,0,"LC","A3_nat",0.00893288117133095
"328","SKr12",0.000407745598111964,0.000413633301336107,0.000413633301336107,0.000413633301336107,"LC","LC","LC","LC",0,0,0,0,0,"LC","A3_nat",0.000407745598111964
"329","SKr13",0.00116843509401199,0.0011673416657949,0.0011673416657949,0.0011673416657949,"LC","LC","LC","LC",0,0,0,0,0,"LC","A3_nat",0.00116843509401199
"330","SKr14",0.000950861574688044,0.000957420501272548,0.000957420501272548,0.000957420501272548,"LC","LC","LC","LC",0,0,0,0,0,"LC","A3_nat",0.000950861574688044
"331","SKr15",0.171541637990365,0.171567540739515,0.171567540739515,0.171567540739515,"LC","LC","LC","LC",0,0,0,0,0,"LC","A3_nat",0.171541637990365
"332","SKr16",0.00117732730068598,0.00117728051896447,0.00117728051896447,0.00117728051896447,"LC","LC","LC","LC",0,0,0,0,0,"LC","A3_nat",0.00117732730068598
"333","SKr17",0.00414043420099897,0.00413129320369285,0.00413129320369285,0.00413129320369285,"LC","LC","LC","LC",0,0,0,0,0,"LC","A3_nat",0.00414043420099897
"334","SKr18",0.00662622551177505,0.00667162636544567,0.00667162636544567,0.00667162636544567,"LC","LC","LC","LC",0,0,0,0,0,"LC","A3_nat",0.00662622551177505
"335","SKr19",0.011422635357476,0.0114453012441994,0.0114453012441994,0.0114453012441994,"LC","LC","LC","LC",0,0,0,0,0,"LC","A3_nat",0.011422635357476
"336","SKr2",0.00407259038402297,0.00406019076650155,0.00406019076650155,0.00406019076650155,"LC","LC","LC","LC",0,0,0,0,0,"LC","A3_nat",0.00407259038402297
"337","SKr3",0.000215488972586053,0.000215489477320904,0.000215489477320904,0.000215489477320904,"LC","LC","LC","LC",0,0,0,0,0,"LC","A3_nat",0.000215488972586053
"338","SKr4",0.010838712269715,0.0108447128198358,0.0108447128198358,0.0108447128198358,"LC","LC","LC","LC",0,0,0,0,0,"LC","A3_nat",0.010838712269715
"339","SKr5",0,0,0,0,"LC","LC","LC","LC",0,0,0,0,0,"LC","A3_nat",0
"340","SKr6",0.000752966322973947,0.000753048632366516,0.000753048632366516,0.000753048632366516,"LC","LC","LC","LC",0,0,0,0,0,"LC","A3_nat",0.000752966322973947
"341","SKr7",0.00181935114699805,0.00181820627287278,0.00181820627287278,0.00181820627287278,"LC","LC","LC","LC",0,0,0,0,0,"LC","A3_nat",0.00181935114699805
"342","SKr8",0.000933588619713044,0.000933669876486553,0.000933669876486553,0.000933669876486553,"LC","LC","LC","LC",0,0,0,0,0,"LC","A3_nat",0.000933588619713044
"343","SKr9",0,0,0,0,"LC","LC","LC","LC",0,0,0,0,0,"LC","A3_nat",0
"344","SKs1",0.387805863219881,0.38784549350817,0.38784549350817,0.38784549350817,"LC","LC","LC","LC",0,0,0,0,0,"LC","A3_nat",0.387805863219881
"345","SKs10",0.017814420415631,0.0177974451912588,0.0177974451912588,0.0177974451912588,"LC","LC","LC","LC",0,0,0,0,0,"LC","A3_nat",0.017814420415631
"346","SKs11",0.00102446449080595,0.00517331006830386,0.00102434884164961,0.00102434884164961,"LC","LC","LC","LC",0.675175498133176,0,0,0,0,"LC","A3_nat",0.00102446449080595
"347","SKs12",0.0987485763800811,0.0521906487037247,0.0987113430582002,0.0987113430582002,"LC","LC","LC","LC",1,0,0,0,0,"LC","A3_nat, A3_wc",0.0521906487037247
"348","SKs13",0.462283025472133,0.435898149879271,0.461680900914519,0.461680900914519,"LC","LC","LC","LC",1,0,0,0,0,"LC","A3_nat, A3_wc",0.435898149879271
"349","SKs14",0.23235261022884,0.217309630584594,0.232301368060409,0.232301368060409,"LC","LC","LC","LC",0.657451862333856,0,0,0,0,"LC","A3_nat",0.23235261022884
"350","SKs2",0.02088713233566,0.0210157461395767,0.0210157461395767,0.0210157461395767,"LC","LC","LC","LC",0,0,0,0,0,"LC","A3_nat",0.02088713233566
"351","SKs3",0.086541943270972,0.086900630676846,0.086900630676846,0.086900630676846,"LC","LC","LC","LC",0,0,0,0,0,"LC","A3_nat",0.086541943270972
"352","SKs4",0.016931971031792,0.0169711944859874,0.0169711944859874,0.0169711944859874,"LC","LC","LC","LC",0,0,0,0,0,"LC","A3_nat",0.016931971031792
"353","SKs5",0.000739786076759952,0.000733430511698499,0.000733430511698499,0.000733430511698499,"LC","LC","LC","LC",0,0,0,0,0,"LC","A3_nat",0.000739786076759952
"354","SKs6",0.00413943001735595,0.00414318483406172,0.00414318483406172,0.00414318483406172,"LC","LC","LC","LC",0,0,0,0,0,"LC","A3_nat",0.00413943001735595
"355","SKs7",0.194106009239439,0.163518704002754,0.194136999389284,0.194136999389284,"LC","LC","LC","LC",0.331579068939837,0,0,0,0,"LC","A3_nat",0.194106009239439
"356","SKs8",0.162140715679344,0.162221131670318,0.1621335803203,0.1621335803203,"LC","LC","LC","LC",0.00351126993233202,0,0,0,0,"LC","A3_nat",0.162140715679344
"357","SKs9",0.035589132850893,0.0351299573857319,0.0356496648497252,0.0356496648497252,"LC","LC","LC","LC",0.207760470666612,0,0,0,0,"LC","A3_nat",0.035589132850893
"358","SKt1",0.00442919574922995,0.00441032534993691,0.00441032534993691,0.00441032534993691,"LC","LC","LC","LC",0.000444177151998994,0,0,0,0,"LC","A3_nat",0.00442919574922995
"359","SKt2",0.041854456581637,0.041858757867793,0.0418585482399093,0.0418585482399093,"LC","LC","LC","LC",0.00185022810920208,0,0,0,0,"LC","A3_nat",0.041854456581637
"360","SKt3",0.0252480218350291,0.0252592547688932,0.0252605239056085,0.0252605239056085,"LC","LC","LC","LC",0.00540674637243399,0,0,0,0,"LC","A3_nat",0.0252480218350291
"361","SKv1",0.171538262381181,0.143718200419285,0.171649309896392,0.171649309896392,"LC","LC","LC","LC",0.901653763132237,0,0,0,0,"LC","A3_nat",0.171538262381181
"362","SKv10",0.057721362951117,0.0593424565365469,0.0577802870195038,0.0577802870195038,"LC","LC","LC","LC",1,0,0,0,0,"LC","A3_nat, A3_wc",0.0593424565365469
"363","SKv11",0.132654457476208,0.124140330586429,0.132473539325401,0.132473539325401,"LC","LC","LC","LC",1,0,0,0,0,"LC","A3_nat, A3_wc",0.124140330586429
"364","SKv13",0.016159916044578,0.0183144081943952,0.0161921397325225,0.0161921397325225,"LC","LC","LC","LC",0.659500129618521,0,0,0,0,"LC","A3_nat",0.016159916044578
"365","SKv14",0.030329799764429,0.0302518161173609,0.0302518161173609,0.0302518161173609,"LC","LC","LC","LC",0.000153780065263251,0,0,0,0,"LC","A3_nat",0.030329799764429
"366","SKv2",0.00399795204173703,0.00457584249777072,0.00403666680730047,0.00403666680730047,"LC","LC","LC","LC",0.692132826002856,0,0,0,0,"LC","A3_nat",0.00399795204173703
"367","SKv3",0.0275498173324989,0.0227982216310216,0.0276189093640922,0.0276189093640922,"LC","LC","LC","LC",0.757917132072026,0,0,0,0,"LC","A3_nat",0.0275498173324989
"368","SKv4",0.00363176180497005,0.0035828928924677,0.00359897328228062,0.00359897328228062,"LC","LC","LC","LC",0.0958682500288233,0,0,0,0,"LC","A3_nat",0.00363176180497005
"369","SKv5",0.00922758624321296,0.0126995024248553,0.0092097965905665,0.0092097965905665,"LC","LC","LC","LC",0.512442526776668,0,0,0,0,"LC","A3_nat",0.00922758624321296
"370","SKv6",0.008404728130462,0.0133169516450879,0.00837003474618183,0.00837003474618183,"LC","LC","LC","LC",0.805334162089967,0,0,0,0,"LC","A3_nat",0.008404728130462
"371","SKv7",0.240456033716423,0.213211490616307,0.240530599851115,0.240530599851115,"LC","LC","LC","LC",1,0,0,0,0,"LC","A3_nat, A3_wc",0.213211490616307
"372","SKv8",0.043132375350959,0.0403912856821604,0.0431295261329265,0.0431295261329265,"LC","LC","LC","LC",1,0,0,0,0,"LC","A3_nat, A3_wc",0.0403912856821604
"373","SVcb1",0.231226665018232,0.231919039761156,0.231929163873879,0.231919039761156,"LC","LC","LC","LC",0,0,0,0,0,"LC","A3_nat",0.231226665018232
"374","SVcb10",0.362296595191842,0.36257945622637,0.36209627693995,0.36257945622637,"LC","LC","LC","LC",0,0,0,0,0,"LC","A3_nat",0.362296595191842
"375","SVcb11",0.241048461722666,0.229750771799767,0.241008858379156,0.241087018399745,"LC","LC","LC","LC",0,0,0.104190959783139,0,0,"LC","A3_nat",0.241048461722666
"376","SVcb12",0.375124982081319,0.354994426150265,0.375217049721574,0.375135250531476,"LC","LC","LC","LC",0,0,0.106526222404336,0,0,"LC","A3_nat",0.375124982081319
"377","SVcb13",0.070593332206683,0.0416587622312266,0.0706985610959303,0.0705328583187053,"LC","LC","LC","LC",0,0,0.61230331506215,0,0,"LC","A3_nat",0.070593332206683
"378","SVcb14",0.419355382080612,0.396119082598459,0.418858306615004,0.419798426851434,"LC","LC","LC","LC",0,0,0.145461235305357,0,0,"LC","A3_nat",0.419355382080612
"379","SVcb15",0.603188801579592,0.570967296662183,0.603194125722293,0.60321185240376,"VU","VU","VU","VU",0,0,0.108874165679011,0,0,"VU","A3_nat",0.603188801579592
"380","SVcb16",0.181654809250375,0.181889967000042,0.181949898899741,0.181889967000042,"LC","LC","LC","LC",0,0,0,0,0,"LC","A3_nat",0.181654809250375
"381","SVcb17",0.07713373403895,0.077118969527125,0.0770370471564579,0.077118969527125,"LC","LC","LC","LC",0,0,0,0,0,"LC","A3_nat",0.07713373403895
"382","SVcb18",0.214664458250466,0.214676258815619,0.214676258815619,0.214676258815619,"LC","LC","LC","LC",0,0,0,0,0,"LC","A3_nat",0.214664458250466
"383","SVcb19",0.112114910199185,0.112797363665339,0.112797363665339,0.112797363665339,"LC","LC","LC","LC",0,0,0,0,0,"LC","A3_nat",0.112114910199185
"384","SVcb2",0.028565433044958,0.0286125301218744,0.0285301825515611,0.0286125301218744,"LC","LC","LC","LC",0,0,0,0,0,"LC","A3_nat",0.028565433044958
"385","SVcb20",0.384851477361596,0.384872300249167,0.384872300249167,0.384872300249167,"LC","LC","LC","LC",0,0,0,0,0,"LC","A3_nat",0.384851477361596
"386","SVcb21",0.265705519768456,0.265990248836267,0.265990248836267,0.265990248836267,"LC","LC","LC","LC",0,0,0,0,0,"LC","A3_nat",0.265705519768456
"387","SVcb22",0.116943521594684,0.117763157894737,0.117763157894737,0.117763157894737,"LC","LC","LC","LC",0,0,0,0,0,"LC","A3_nat",0.116943521594684
"388","SVcb23",0.433314128153052,0.433217627419278,0.433217627419278,0.433217627419278,"LC","LC","LC","LC",0,0,0,0,0,"LC","A3_nat",0.433314128153052
"389","SVcb24",0.105251383245115,0.105326352279338,0.105326352279338,0.105326352279338,"LC","LC","LC","LC",0,0,0,0,0,"LC","A3_nat",0.105251383245115
"390","SVcb25",0.075558158424995,0.075740502651023,0.07558298947444,0.075791212021262,"LC","LC","LC","LC",0,0,0.00330194288688894,0,0,"LC","A3_nat",0.075558158424995
"391","SVcb26",0.126074740972176,0.121844464759744,0.12622700953968,0.126224009577479,"LC","LC","LC","LC",0,0,0.0901430641973911,0,0,"LC","A3_nat",0.126074740972176
"392","SVcb27",0.520339427802226,0.520481095221281,0.520261660294756,0.520481095221281,"VU","VU","VU","VU",0,0,0,0,0,"VU","A3_nat",0.520339427802226
"393","SVcb28",0.218590823855227,0.218243953542231,0.21862510882441,0.218557236587937,"LC","LC","LC","LC",0,0,0.0220049389572994,0,0,"LC","A3_nat",0.218590823855227
"394","SVcb29",0.037395331199598,0.0375469388259832,0.0372584015861304,0.0375469388259832,"LC","LC","LC","LC",0,0,0,0,0,"LC","A3_nat",0.037395331199598
"395","SVcb3",0.331804933244039,0.331935387577833,0.332372486033981,0.331935387577833,"LC","LC","LC","LC",0,0,0,0,0,"LC","A3_nat",0.331804933244039
"396","SVcb4",0.111115782515466,0.111631174953565,0.111829713644469,0.111631174953565,"LC","LC","LC","LC",0,0,0,0,0,"LC","A3_nat",0.111115782515466
"397","SVcb5",0.019863602536178,0.0199600124212098,0.0198303524245875,0.0199600124212098,"LC","LC","LC","LC",0,0,0,0,0,"LC","A3_nat",0.019863602536178
"398","SVcb6",0.689737770546384,0.689601890819924,0.689803198303276,0.689601890819924,"VU","VU","VU","VU",0,0,0,0,0,"VU","A3_nat",0.689737770546384
"399","SVcb7",0.265357345514731,0.265238608844299,0.265710738924276,0.265238608844299,"LC","LC","LC","LC",0,0,0,0,0,"LC","A3_nat",0.265357345514731
"400","SVcb8",0.539999485107835,0.540107052211135,0.539889308546046,0.540107052211135,"VU","VU","VU","VU",0,0,0,0,0,"VU","A3_nat",0.539999485107835
"401","SVcb9",0.164514068572789,0.163011519681899,0.164459481554694,0.165092806206365,"LC","LC","LC","LC",0,0,0.0123631228446096,0,0,"LC","A3_nat",0.164514068572789
"402","SVk1",0.222017343882705,0.222219200927202,0.22224761310706,0.222219200927202,"LC","LC","LC","LC",0,0,0,0,0,"LC","A3_nat",0.222017343882705
"403","SVk10",0.051257484275153,0.0512711678632104,0.0512530141941141,0.0512711678632104,"LC","LC","LC","LC",0,0,0,0,0,"LC","A3_nat",0.051257484275153
"404","SVk11",0.018832011002359,0.0196282468945451,0.0196149804528582,0.0196282468945451,"LC","LC","LC","LC",0,0,0,0,0,"LC","A3_nat",0.018832011002359
"405","SVk12",0.026821173267526,0.0268190448710187,0.0268244657874692,0.0268190448710187,"LC","LC","LC","LC",0,0,0,0,0,"LC","A3_nat",0.026821173267526
"406","SVk13",0.012731097150839,0.0127295196040425,0.0127307875546422,0.0127295196040425,"LC","LC","LC","LC",0,0,0,0,0,"LC","A3_nat",0.012731097150839
"407","SVk14",0.052088194019956,0.0520215612537967,0.0520215612537967,0.0520215612537967,"LC","LC","LC","LC",0,0,0,0,0,"LC","A3_nat",0.052088194019956
"408","SVk15",0.002239572844976,0.00223582858548799,0.00223878994785288,0.00223582858548799,"LC","LC","LC","LC",0,0,0,0,0,"LC","A3_nat",0.002239572844976
"409","SVk16",0.00161993428933505,0.00161922259433556,0.00162094006643687,0.00161922259433556,"LC","LC","LC","LC",0,0,0,0,0,"LC","A3_nat",0.00161993428933505
"410","SVk17",0.478803064165162,0.481576834066771,0.481420195545591,0.481576834066771,"LC","LC","LC","LC",0,0,0,0,0,"LC","A3_nat",0.478803064165162
"411","SVk18",0.046572861482292,0.0465826802658369,0.0465686745290871,0.0465826802658369,"LC","LC","LC","LC",0,0,0,0,0,"LC","A3_nat",0.046572861482292
"412","SVk2",0.232763130894256,0.232764332595949,0.232766804913598,0.232764332595949,"LC","LC","LC","LC",0,0,0,0,0,"LC","A3_nat",0.232763130894256
"413","SVk3",0.578425970443015,0.578460127544802,0.578384044287479,0.578460127544802,"VU","VU","VU","VU",0,0,0,0,0,"VU","A3_nat",0.578425970443015
"414","SVk4",0.251920639466959,0.25190386185051,0.251952102699193,0.25190386185051,"LC","LC","LC","LC",0,0,0,0,0,"LC","A3_nat",0.251920639466959
"415","SVk5",0.027122878671521,0.0270920296030303,0.0270920296030303,0.0270920296030303,"LC","LC","LC","LC",0,0,0,0,0,"LC","A3_nat",0.027122878671521
"416","SVk6",0.205778044016869,0.205752168757101,0.205742834780025,0.205752168757101,"LC","LC","LC","LC",0,0,0,0,0,"LC","A3_nat",0.205778044016869
"417","SVk7",0.018558231243731,0.0185543015981532,0.018560828277527,0.0185543015981532,"LC","LC","LC","LC",0,0,0,0,0,"LC","A3_nat",0.018558231243731
"418","SVk8",0.037969167904462,0.037976501994795,0.0379604475457148,0.037976501994795,"LC","LC","LC","LC",0,0,0,0,0,"LC","A3_nat",0.037969167904462
"419","SVk9",0.0476417086055581,0.0476462736128934,0.0476583161962988,0.0476462736128934,"LC","LC","LC","LC",0,0,0,0,0,"LC","A3_nat",0.0476417086055581
"420","SVkd1",0.00159201480813898,0.00167886037824436,0.00167800786357374,0.00167886037824436,"LC","LC","LC","LC",0,0,0,0,0,"LC","A3_nat",0.00159201480813898
"421","SVkd2",0.00127329748192895,0.00127527357106569,0.00127741418973302,0.00127527357106569,"LC","LC","LC","LC",0,0,0,0,0,"LC","A3_nat",0.00127329748192895
"422","SVkd3",0.00000207030450505297,0.000168081861662556,0.000163389921353421,0.000168081861662556,"LC","LC","LC","LC",0,0,0,0,0,"LC","A3_nat",0.00000207030450505297
"423","SVkd4",0.000247100503801945,0.000282760625032132,0.000280661626998075,0.000282760625032132,"LC","LC","LC","LC",0,0,0,0,0,"LC","A3_nat",0.000247100503801945
"424","SVl1",0.244623069083195,0.244311162548025,0.244301022273591,0.244301022273591,"LC","LC","LC","LC",0,0,0.0167586210986968,0,0,"LC","A3_nat",0.244623069083195
"425","SVl10",0.347468072206602,0.254292702691809,0.347365361810634,0.34756137660084,"LC","LC","LC","LC",0,0,1,0,0,"LC","A3_nat, A3_mpl",0.254292702691809
"426","SVl11",0.053960006038548,0.0438019265388143,0.0540600543226604,0.0538532679228623,"LC","LC","LC","LC",0,0,1,0,0,"LC","A3_nat, A3_mpl",0.0438019265388143
"427","SVl12",0.213514752939187,0.163996556753784,0.21335402241526,0.213657185214537,"LC","LC","LC","LC",0,0,0.991155332078552,0,0,"LC","A3_nat, A3_mpl",0.163996556753784
"428","SVl13",0.338152337527584,0.263031773051718,0.335111085134829,0.340795020346735,"LC","LC","LC","LC",0,0,1,0,0,"LC","A3_nat, A3_mpl",0.263031773051718
"429","SVl14",0.233098291500837,0.212109969481819,0.233161147297083,0.233033083932621,"LC","LC","LC","LC",0,0.113321908072386,0.196340239607631,0,0,"LC","A3_nat",0.233098291500837
"430","SVl15",-0.0065323600809899,0.00117796200686213,0.00154140806899042,0.00153545148573578,"LC","LC","LC","LC",0,0,0.664045176209922,0,0,"LC","A3_nat",0
"431","SVl16",0.128406305400965,0.0963800073218064,0.129003190499642,0.128914698479905,"LC","LC","LC","LC",0,0.450806342553466,0.0529080970947035,0,0,"LC","A3_nat",0.128406305400965
"432","SVl17",0.682923275467299,0.515234634748741,0.683202232182612,0.683406359836611,"VU","VU","VU","VU",0,0.875329509831861,0.0699688895221811,0,0,"VU","A3_nat",0.682923275467299
"433","SVl18",0.230584519134226,0.197946852084132,0.230676767583343,0.230535185895333,"LC","LC","LC","LC",0,0.999921383032537,0,0,0,"LC","A3_nat, A3_kzn",0.197946852084132
"434","SVl19",0.471864506072748,0.238457997939255,0.472051801059662,0.471795515526196,"LC","LC","LC","LC",0,1,0,0,0,"LC","A3_nat, A3_kzn",0.238457997939255
"435","SVl2",-0.0120702944350199,0.000184879067339481,0.000137028014616322,0.000137028014616322,"LC","LC","LC","LC",0,0,0.135633808943797,0,0,"LC","A3_nat",0
"436","SVl20",0.605686352845572,0.517614534349363,0.60587540180026,0.605463997237851,"VU","VU","VU","VU",0,0.999998784265478,0,0,0,"VU","A3_nat, A3_kzn",0.517614534349363
"437","SVl21",0.198434897838583,0.149321931322941,0.198238374501193,0.19922601931132,"LC","LC","LC","LC",0,0.999888987964147,0,0,0,"LC","A3_nat, A3_kzn",0.149321931322941
"438","SVl22",0.288373330430395,0.298911967384612,0.288391074157066,0.288383652010169,"LC","LC","LC","LC",0,0.922119799172168,0,0,0,"LC","A3_nat",0.288373330430395
"439","SVl23",0.333980123202518,0.336930691839303,0.333939633908782,0.333998479905166,"LC","LC","LC","LC",0,0.783335766568581,0.0450084070379438,0,0,"LC","A3_nat",0.333980123202518
"440","SVl24",0.737584650112867,0.607553977963101,0.737792693755751,0.737792693755751,"EN","VU","EN","EN",0,1,0,0,0,"EN","A3_nat",0.737584650112867
"441","SVl25",0.284093351748726,0.263154007065683,0.284226937386666,0.28402653112503,"LC","LC","LC","LC",0,0.9999775980916,0,0,0,"LC","A3_nat, A3_kzn",0.263154007065683
"442","SVl26",0.274577932581791,0.515028459416622,0.274730584947322,0.274575951281299,"LC","VU","LC","LC",0,0.999923820179239,0,0,0,"VU","A3_kzn",0.515028459416622
"443","SVl27",0.209702393741156,0.14481121486187,0.209525905213642,0.209951922970062,"LC","LC","LC","LC",0,0,1,0,0,"LC","A3_nat, A3_mpl",0.14481121486187
"444","SVl3",0.249860316655368,0.234843584216464,0.249869651497502,0.249830940109289,"LC","LC","LC","LC",0,0.00184266207893704,0.404993664236129,0,0,"LC","A3_nat",0.249860316655368
"445","SVl4",0.276994306191332,0.268444190262463,0.277018423801661,0.276961409189609,"LC","LC","LC","LC",0,0.032215313037405,0.256583534562096,0,0,"LC","A3_nat",0.276994306191332
"446","SVl5",0.166241890431718,0.15554810630921,0.166640001828446,0.166629619612651,"LC","LC","LC","LC",0,0,0.789505809478504,0,0,"LC","A3_nat",0.166241890431718
"447","SVl6",0.00334786019487399,0.000999147120862076,0.00331944138257969,0.00337731720316676,"LC","LC","LC","LC",0,0,1,0,0,"LC","A3_nat, A3_mpl",0.000999147120862076
"448","SVl7",0.11513366986795,0.115306103524379,0.115306103524379,0.115306103524379,"LC","LC","LC","LC",0,0,0,0,0,"LC","A3_nat",0.11513366986795
"449","SVl8",0.485712056858088,0.485608125614649,0.485608125614649,0.485608125614649,"LC","LC","LC","LC",0,0,0.000233445985140881,0,0,"LC","A3_nat",0.485712056858088
"450","SVl9",0.6868429494431,0.518961002798026,0.686800662004788,0.686879707352565,"VU","VU","VU","VU",0,0,0.992554579465276,0,0,"VU","A3_nat, A3_mpl",0.518961002798026
"451","SVmp1",0.075410258446064,0.0755012936867948,0.0755012936867948,0.0755012936867948,"LC","LC","LC","LC",0,0,0,0,0,"LC","A3_nat",0.075410258446064
"452","SVmp2",0.022177705685418,0.0242216306631376,0.0242216306631376,0.0242216306631376,"LC","LC","LC","LC",0,0,0,0,0,"LC","A3_nat",0.022177705685418
"453","SVmp3",0.000654011850174996,0.000652606745239364,0.000652606745239364,0.000652606745239364,"LC","LC","LC","LC",0,0,0,0,0,"LC","A3_nat",0.000654011850174996
"454","SVmp4",0.00160145127510702,0.00183717562301071,0.00183831628307932,0.00183831628307932,"LC","LC","LC","LC",0,0,0.0390658963599113,0,0,"LC","A3_nat",0.00160145127510702
"455","SVmp5",0.111578112889537,0.111864188487576,0.111864188487576,0.111864188487576,"LC","LC","LC","LC",0,0,0,0,0,"LC","A3_nat",0.111578112889537
"456","SVmp6",0.229111682893736,0.228776307641307,0.229125061872171,0.229125061872171,"LC","LC","LC","LC",0,0,0.0910082408722457,0,0,"LC","A3_nat",0.229111682893736
"457","SVmp7",0.088934097116331,0.0877979579178447,0.0889602865363811,0.0889602865363811,"LC","LC","LC","LC",0,0,0.372534320327127,0,0,"LC","A3_nat",0.088934097116331
"458","SVmp8",0.000497361792048956,0.000497313092089243,0.000507620099179176,0.000507620099179176,"LC","LC","LC","LC",0,0,0.122411169703583,0,0,"LC","A3_nat",0.000497361792048956
"459","SVs1",0.271303651041065,0.312830562618741,0.271267109596744,0.271267109596744,"LC","LC","LC","LC",0,1,0,0,0,"LC","A3_nat, A3_kzn",0.312830562618741
"460","SVs2",0.263518181882191,0.267040588338092,0.263607737535583,0.263607737535583,"LC","LC","LC","LC",0,1,0,0,0,"LC","A3_nat, A3_kzn",0.267040588338092
"461","SVs3",0.338576573089305,0.259012465284,0.338763989109995,0.338763989109995,"LC","LC","LC","LC",0,1,0,0,0,"LC","A3_nat, A3_kzn",0.259012465284
"462","SVs4",0.594192828920204,0.594322810463832,0.594322810463832,0.594322810463832,"VU","VU","VU","VU",0,0,0,0,0,"VU","A3_nat",0.594192828920204
"463","SVs5",0.861892591021697,0.758552646096946,0.861550276062654,0.861550276062654,"EN","EN","EN","EN",0,1,0,0,0,"EN","A3_nat, A3_kzn",0.758552646096946
"464","SVs6",0.309058330107501,0.285527825820697,0.308919392264844,0.308919392264844,"LC","LC","LC","LC",0,0.30863864210072,0,0,0,"LC","A3_nat",0.309058330107501
"465","SVs7",0.383838515008895,0.383939386209621,0.383939386209621,0.383939386209621,"LC","LC","LC","LC",0,0,0,0,0,"LC","A3_nat",0.383838515008895
"466","SVs8",0.444494219399683,0.444484705613763,0.44509368489014,0.444484705613763,"LC","LC","LC","LC",0,0,0,0.00522685394393935,0,"LC","A3_nat",0.444494219399683
