MapCode,TH_Taxa,FIRE_Taxa,INV_Taxa,OVG_Taxa,TH_Taxa_km2,Nat2022km2,pro_FIRE,pro_INV,pro_OVG,EOOkm2,AOO1prc,Qualify,B1iii,B2iii
AT15,3,1,1,2,0.205761317,14.58,0.333333333,0.333333333,0.666666667,45.81732988,4,0,LC,LC
AT16,5,2,2,5,0.097732604,51.16,0.4,0.4,1,158.7300091,4,0,LC,LC
AT17,5,1,1,4,0.008672576,576.53,0.2,0.2,0.8,4479.418635,44,0,LC,LC
AT18,4,0,1,3,0.003865967,1034.67,0,0.25,0.75,5899.127087,55,0,LC,LC
AT19,7,1,2,4,0.006591834,1061.92,0.142857143,0.285714286,0.571428571,13147.0364,75,0,LC,LC
AT20,13,6,8,5,0.651629073,19.95,0.461538462,0.615384615,0.384615385,115.0750943,3,0,LC,LC
AT21,3,1,1,1,0.009649095,310.91,0.333333333,0.333333333,0.333333333,2323.501603,26,0,LC,LC
AT22,3,0,0,1,0.032449973,92.45,0,0,0.333333333,946.9844025,13,0,LC,LC
AT23,1,0,0,0,0.003727727,268.26,0,0,0,1798.098713,18,0,LC,LC
AT24,5,2,1,3,0.00192455,2598.01,0.4,0.2,0.6,11841.27979,74,0,LC,LC
AT25,2,0,0,2,0.000948213,2109.23,0,0,1,11432.27995,68,0,LC,LC
AT26,1,0,1,0,0.033211558,30.11,0,1,0,703.3072694,6,0,LC,LC
AT27,0,0,0,0,0,1230.82,0,0,0,16538.17698,68,0,LC,LC
AT28,0,0,0,0,0,908.16,0,0,0,8464.25249,54,0,LC,LC
AT29,0,0,0,0,0,768.05,0,0,0,1803.9549,23,0,LC,LC
AT30,3,0,0,2,0.00479762,625.31,0,0,0.666666667,908.9116642,15,0,LC,LC
AT31,0,0,0,0,0,210.14,0,0,0,1244.820737,19,0,LC,LC
AT32,5,2,2,4,0.00144899,3450.68,0.4,0.4,0.8,16791.80166,111,0,LC,LC
AT33,6,0,0,6,0.012395158,484.06,0,0,1,5402.44638,38,0,LC,LC
AT34,10,3,6,1,0.061850569,161.68,0.3,0.6,0.1,366.5261103,9,0,LC,LC
AT35,0,0,0,0,0,18.39,0,0,0,85.62771439,6,0,LC,LC
AT36,29,15,27,4,0.974135035,29.77,0.517241379,0.931034483,0.137931034,748.9482161,6,0,LC,LC
AT37,6,1,5,1,0.056545095,106.11,0.166666667,0.833333333,0.166666667,1753.357094,14,0,LC,LC
AT38,12,4,4,8,0.01411964,849.88,0.333333333,0.333333333,0.666666667,3614.052473,41,0,LC,LC
AT39,19,6,14,10,0.087553569,217.01,0.315789474,0.736842105,0.526315789,1200.282188,16,0,LC,LC
AT40,96,23,91,21,0.20727626,463.15,0.239583333,0.947916667,0.21875,4454.141883,26,1,EN,VU
AT41,12,7,9,4,0.05770063,207.97,0.583333333,0.75,0.333333333,1716.529991,20,0,LC,LC
AT42,3,0,0,3,0.05800464,51.72,0,0,1,261.0963376,5,0,LC,LC
AT43,6,0,3,3,0.022570816,265.83,0,0.5,0.5,1224.867412,13,0,LC,LC
AT44,15,6,13,10,0.23715415,63.25,0.4,0.866666667,0.666666667,542.2675896,7,0,LC,LC
AT45,6,2,3,2,0.013935664,430.55,0.333333333,0.5,0.333333333,2150.323235,24,0,LC,LC
AT46,18,3,3,14,0.032607514,552.02,0.166666667,0.166666667,0.777777778,3798.219529,31,0,LC,LC
AT47,5,1,2,3,0.005642577,886.12,0.2,0.4,0.6,2080.270095,28,0,LC,LC
AT48,2,2,2,0,0.170940171,11.7,1,1,0,28.2881677,3,0,LC,LC
AT49,5,0,2,3,0.000905154,5523.92,0,0.4,0.6,17378.90901,143,0,LC,LC
AT50,18,9,15,7,0.034931786,515.29,0.5,0.833333333,0.388888889,5641.342147,29,0,LC,LC
AT51,32,7,21,17,0.018894885,1693.58,0.21875,0.65625,0.53125,7144.44123,62,0,LC,LC
AT52,0,0,0,0,0,30.23,0,0,0,59.00719591,3,0,LC,LC
AT53,3,0,0,1,0.181268882,16.55,0,0,0.333333333,42.211326,3,0,LC,LC
AT54,3,0,3,1,0.016221477,184.94,0,1,0.333333333,3542.29472,17,0,LC,LC
AT55,6,1,2,5,0.008090615,741.6,0.166666667,0.333333333,0.833333333,1687.656616,20,0,LC,LC
AT56,9,4,4,4,0.019307918,466.13,0.444444444,0.444444444,0.444444444,1915.210447,30,0,LC,LC
AT57,30,16,27,4,0.284441073,105.47,0.533333333,0.9,0.133333333,2803.464089,11,1,EN,EN
AT58,4,0,1,3,0.001800796,2221.24,0,0.25,0.75,7241.287773,70,0,LC,LC
AZa1,1,0,0,1,0.054975261,18.19,0,0,1,561.7953257,5,0,LC,LC
AZa2,20,8,17,12,0.172131853,116.19,0.4,0.85,0.6,11457.24672,34,0,LC,LC
AZa3,12,0,0,9,0.022600998,530.95,0,0,0.75,43030.96213,97,0,LC,LC
AZa4,1,0,0,1,0.000801199,1248.13,0,0,1,43323.69605,113,0,LC,LC
AZa5,1,0,0,0,0.000474674,2106.71,0,0,0,33725.68204,127,0,LC,LC
AZa6,19,4,13,9,0.066398742,286.15,0.210526316,0.684210526,0.473684211,12011.61527,53,0,LC,LC
AZa7,1,0,0,0,0.001163589,859.41,0,0,0,318531.5035,87,0,LC,LC
AZd1,2,0,0,1,6.25,0.32,0,0,0.5,73.51331765,0,0,LC,LC
AZd2,6,0,0,2,0.631578947,9.5,0,0,0.333333333,2742.359744,1,0,LC,LC
AZd3,15,1,8,4,0.069705841,215.19,0.066666667,0.533333333,0.266666667,191365.9833,39,0,LC,LC
AZd4,5,0,2,1,0.189393939,26.4,0,0.4,0.2,35488.77075,4,0,LC,LC
AZi1,10,0,1,1,0.008332917,1200.06,0,0.1,0.1,37881.67528,195,0,LC,LC
AZi3,0,0,0,0,0,1914.65,0,0,0,119497.816,143,0,LC,LC
AZi5,0,0,0,0,0,4815.02,0,0,0,141946.9064,364,0,LC,LC
AZi6,9,0,0,8,0.001984613,4534.89,0,0,0.888888889,78135.63103,335,0,LC,LC
AZi7,2,0,0,2,0.001008273,1983.59,0,0,1,12014.88418,87,0,LC,LC
AZi8,12,0,0,5,0.083484068,143.74,0,0,0.416666667,5933.849228,28,0,LC,LC
AZs3,5,0,1,1,0.416666667,12,0,0.2,0.2,16493.61745,4,0,LC,LC
CB1,19,7,10,11,0.022811314,832.92,0.368421053,0.526315789,0.578947368,8594.854371,66,0,LC,LC
CB2,14,3,6,9,0.034917072,400.95,0.214285714,0.428571429,0.642857143,4918.309702,31,0,LC,LC
CB3,39,19,26,25,0.05799084,672.52,0.487179487,0.666666667,0.641025641,8437.213536,74,0,LC,LC
CB4,57,39,40,37,0.08890414,641.14,0.684210526,0.701754386,0.649122807,3086.329174,35,0,LC,LC
CB5,6,2,3,3,0.006672227,899.25,0.333333333,0.5,0.5,3870.636975,40,0,LC,LC
CB6,7,4,5,4,0.017013003,411.45,0.571428571,0.714285714,0.571428571,5845.995747,45,0,LC,LC
Dg1,21,0,1,18,0.063080112,332.91,0,0.047619048,0.857142857,477.8983176,8,0,LC,LC
Dg10,5,0,0,2,0.002398852,2084.33,0,0,0.4,7836.013306,68,0,LC,LC
Dg2,7,0,0,7,0.019369656,361.39,0,0,1,509.760782,8,0,LC,LC
Dg3,5,0,0,5,0.031952965,156.48,0,0,1,859.4970252,13,0,LC,LC
Dg4,0,0,0,0,0,107.18,0,0,0,147.4507913,6,0,LC,LC
Dg5,10,0,0,6,0.016893604,591.94,0,0,0.6,869.2165362,14,0,LC,LC
Dg6,3,0,0,2,0.37037037,8.1,0,0,0.666666667,13.8777985,2,0,LC,LC
Dg7,4,0,0,3,0.016389412,244.06,0,0,0.75,294.9471668,5,0,LC,LC
Dg8,3,0,0,1,0.008748906,342.9,0,0,0.333333333,503.8998912,10,0,LC,LC
Dg9,1,0,0,0,0.000834571,1198.22,0,0,0,6410.819074,50,0,LC,LC
Dn1,5,0,0,3,3.703703704,1.35,0,0,0.6,12.67384286,0,0,LC,LC
Dn2,0,0,0,0,0,1.01,0,0,0,1.378662051,0,0,LC,LC
Dn3,23,0,0,18,0.187571359,122.62,0,0,0.782608696,262.5722186,5,0,LC,LC
Dn4,43,0,0,36,0.22073922,194.8,0,0,0.837209302,386.1980345,8,1,CR,EN
Dn5,40,0,0,32,0.104050152,384.43,0,0,0.8,845.8349561,12,0,LC,LC
FFa1,18,4,13,9,0.34020034,52.91,0.222222222,0.722222222,0.5,887.8102549,12,0,LC,LC
FFa2,139,64,123,83,0.822777317,168.94,0.460431655,0.884892086,0.597122302,2080.24014,16,1,EN,EN
FFa3,178,92,170,126,1.297943707,137.14,0.516853933,0.95505618,0.707865169,2354.29011,21,1,EN,VU
FFa4,62,37,60,48,12.08576998,5.13,0.596774194,0.967741935,0.774193548,95.44640343,3,1,CR,EN
FFb1,25,11,15,10,0.096816668,258.22,0.44,0.6,0.4,8843.675429,53,0,LC,LC
FFb2,56,20,54,16,0.436783402,128.21,0.357142857,0.964285714,0.285714286,13057.50438,47,1,EN,VU
FFb3,7,3,4,3,0.071633238,97.72,0.428571429,0.571428571,0.428571429,6889.757159,36,0,LC,LC
FFb4,18,7,17,3,0.332901794,54.07,0.388888889,0.944444444,0.166666667,6731.781133,26,0,LC,LC
FFb5,3,3,1,1,0.031318509,95.79,1,0.333333333,0.333333333,4529.078702,35,0,LC,LC
FFb6,4,2,3,0,0.136658695,29.27,0.5,0.75,0,4361.308655,11,0,LC,LC
FFc1,71,18,52,38,0.182660149,388.7,0.253521127,0.732394366,0.535211268,3617.497062,34,1,EN,VU
FFd1,24,2,6,9,0.021685702,1106.72,0.083333333,0.25,0.375,6299.96488,50,0,LC,LC
FFd10,21,10,18,4,0.705408129,29.77,0.476190476,0.857142857,0.19047619,400.3505995,7,0,LC,LC
FFd11,12,7,10,1,0.19990005,60.03,0.583333333,0.833333333,0.083333333,983.3356171,5,0,LC,LC
FFd2,93,29,57,44,0.122845255,757.05,0.311827957,0.612903226,0.47311828,5498.405133,47,0,LC,LC
FFd3,104,25,90,55,0.162925133,638.33,0.240384615,0.865384615,0.528846154,2228.450893,26,1,EN,VU
FFd4,211,68,198,134,0.637963355,330.74,0.322274882,0.938388626,0.63507109,2999.305885,26,1,EN,VU
FFd5,202,70,188,112,2.274262553,88.82,0.346534653,0.930693069,0.554455446,1632.336265,12,1,CR,EN
FFd6,154,48,143,54,2.992034195,51.47,0.311688312,0.928571429,0.350649351,1823.977395,9,1,CR,EN
FFd7,116,23,111,59,0.970061883,119.58,0.198275862,0.956896552,0.50862069,1247.806155,17,1,CR,EN
FFd8,39,12,31,26,0.898203593,43.42,0.307692308,0.794871795,0.666666667,858.792765,7,1,CR,EN
FFd9,75,24,66,25,0.283768445,264.3,0.32,0.88,0.333333333,2815.361154,27,1,EN,VU
FFf1,185,46,179,98,0.792257291,233.51,0.248648649,0.967567568,0.52972973,3002.170287,24,1,EN,VU
FFf2,49,15,43,34,2.52968508,19.37,0.306122449,0.87755102,0.693877551,108.751919,3,1,CR,EN
FFg1,11,3,2,7,0.171848149,64.01,0.272727273,0.181818182,0.636363636,652.4491809,7,0,LC,LC
FFg2,172,79,164,91,0.615054532,279.65,0.459302326,0.953488372,0.529069767,2695.816694,26,1,EN,VU
FFg3,89,38,82,42,2.848911652,31.24,0.426966292,0.921348315,0.471910112,417.5633165,5,1,CR,EN
FFg4,3,1,2,1,0.212164074,14.14,0.333333333,0.666666667,0.333333333,161.5855108,3,0,LC,LC
FFg5,23,5,19,10,0.129446195,177.68,0.217391304,0.826086957,0.434782609,913.7123884,15,0,LC,LC
FFh1,17,4,10,8,0.085470085,198.9,0.235294118,0.588235294,0.470588235,1717.98276,19,0,LC,LC
FFh10,2,0,2,1,0.007195021,277.97,0,1,0.5,2892.61647,29,0,LC,LC
FFh11,23,16,22,9,4.291044776,5.36,0.695652174,0.956521739,0.391304348,20.38625867,1,0,LC,LC
FFh2,4,0,0,3,0.039490572,101.29,0,0,0.75,436.1782593,10,0,LC,LC
FFh3,2,0,1,1,0.031407035,63.68,0,0.5,0.5,942.3442757,12,0,LC,LC
FFh4,75,38,68,42,0.368224666,203.68,0.506666667,0.906666667,0.56,3739.40539,26,1,EN,VU
FFh5,63,34,61,28,1.758303098,35.83,0.53968254,0.968253968,0.444444444,2187.982602,9,1,EN,EN
FFh6,75,29,71,33,1.117401669,67.12,0.386666667,0.946666667,0.44,1262.866847,12,1,CR,EN
FFh7,68,20,61,36,0.459056234,148.13,0.294117647,0.897058824,0.529411765,1052.033663,13,1,CR,EN
FFh8,12,1,7,3,0.083073728,144.45,0.083333333,0.583333333,0.25,2548.91743,15,0,LC,LC
FFh9,33,11,30,11,0.135395725,243.73,0.333333333,0.909090909,0.333333333,5140.617255,29,0,LC,LC
FFl1,126,18,123,40,0.489472457,257.42,0.142857143,0.976190476,0.317460317,1941.593189,19,1,CR,EN
FFl2,94,16,90,38,0.142062628,661.68,0.170212766,0.957446809,0.404255319,1679.06417,21,0,LC,LC
FFl3,67,15,66,22,0.107647815,622.4,0.223880597,0.985074627,0.328358209,2439.184831,26,0,LC,LC
FFq1,4,0,2,4,0.081582704,49.03,0,0.5,1,257.8622341,6,0,LC,LC
FFq2,25,5,10,6,0.015456619,1617.43,0.2,0.4,0.24,3419.42712,39,0,LC,LC
FFq3,12,2,5,8,0.009601229,1249.84,0.166666667,0.416666667,0.666666667,7718.464975,63,0,LC,LC
FFq4,22,10,18,15,0.240963855,91.3,0.454545455,0.818181818,0.681818182,1138.182575,12,0,LC,LC
FFq5,0,0,0,0,0,388.3,0,0,0,4626.252806,40,0,LC,LC
FFq6,11,5,7,6,0.016452288,668.6,0.454545455,0.636363636,0.545454545,3901.340334,42,0,LC,LC
FFs1,89,17,32,23,0.111198571,800.37,0.191011236,0.359550562,0.258426966,3631.899032,31,0,LC,LC
FFs10,73,24,71,20,0.072387601,1008.46,0.328767123,0.97260274,0.273972603,2437.235578,27,0,LC,LC
FFs11,143,48,132,21,0.187307617,763.45,0.335664336,0.923076923,0.146853147,1667.08404,24,1,CR,VU
FFs12,177,44,168,45,0.168595514,1049.85,0.248587571,0.949152542,0.254237288,3385.397108,37,1,EN,VU
FFs13,43,10,38,12,0.082558943,520.84,0.23255814,0.88372093,0.279069767,1515.09612,19,0,LC,LC
FFs14,52,13,52,8,0.15611865,333.08,0.25,1,0.153846154,1135.420239,15,1,CR,EN
FFs15,47,21,36,17,0.051855775,906.36,0.446808511,0.765957447,0.361702128,7923.451361,52,0,LC,LC
FFs16,60,26,51,10,0.051138252,1173.29,0.433333333,0.85,0.166666667,5411.657559,53,0,LC,LC
FFs17,33,7,30,11,0.328980161,100.31,0.212121212,0.909090909,0.333333333,159.5605787,7,1,CR,EN
FFs18,44,20,40,12,0.060078922,732.37,0.454545455,0.909090909,0.272727273,1785.451017,26,0,LC,LC
FFs19,57,31,56,9,0.054409041,1047.62,0.543859649,0.98245614,0.157894737,4173.596256,43,0,LC,LC
FFs2,65,19,32,23,0.069308937,937.83,0.292307692,0.492307692,0.353846154,5082.237246,53,0,LC,LC
FFs20,39,20,33,11,0.02487705,1567.71,0.512820513,0.846153846,0.282051282,3079.756733,46,0,LC,LC
FFs21,7,3,5,3,0.022010502,318.03,0.428571429,0.714285714,0.428571429,1079.901515,18,0,LC,LC
FFs22,8,2,6,5,0.020758732,385.38,0.25,0.75,0.625,1177.078043,16,0,LC,LC
FFs23,17,13,11,3,0.020091713,846.12,0.764705882,0.647058824,0.176470588,4474.320015,43,0,LC,LC
FFs24,15,11,10,3,0.01386027,1082.23,0.733333333,0.666666667,0.2,4384.958593,49,0,LC,LC
FFs25,7,6,5,1,0.021154427,330.9,0.857142857,0.714285714,0.142857143,709.679405,14,0,LC,LC
FFs26,14,11,11,2,0.048777089,287.02,0.785714286,0.785714286,0.142857143,592.6839483,12,0,LC,LC
FFs27,36,13,28,13,0.016697666,2155.99,0.361111111,0.777777778,0.361111111,8603.635103,69,0,LC,LC
FFs28,42,17,34,17,0.011362407,3696.4,0.404761905,0.80952381,0.404761905,10476.01296,102,0,LC,LC
FFs29,37,20,32,13,0.280941534,131.7,0.540540541,0.864864865,0.351351351,445.7764344,8,1,CR,EN
FFs3,30,10,16,8,0.063911376,469.4,0.333333333,0.533333333,0.266666667,2787.288284,25,0,LC,LC
FFs30,4,2,3,0,0.106695119,37.49,0.5,0.75,0,4707.702167,9,0,LC,LC
FFs31,12,12,7,1,0.236266982,50.79,1,0.583333333,0.083333333,1118.08715,11,0,LC,LC
FFs32,30,9,14,10,0.084659668,354.36,0.3,0.466666667,0.333333333,1307.54331,16,0,LC,LC
FFs4,70,23,34,18,0.031352736,2232.66,0.328571429,0.485714286,0.257142857,4973.867617,53,0,LC,LC
FFs5,42,12,30,10,0.039966885,1050.87,0.285714286,0.714285714,0.238095238,2233.630916,30,0,LC,LC
FFs6,57,24,39,24,0.153775596,370.67,0.421052632,0.684210526,0.421052632,856.7413311,13,1,CR,EN
FFs7,8,2,6,2,0.021555208,371.14,0.25,0.75,0.25,1029.757367,13,0,LC,LC
FFs8,16,3,13,5,0.05069066,315.64,0.1875,0.8125,0.3125,787.3268006,14,0,LC,LC
FFs9,98,29,86,31,0.482259731,203.21,0.295918367,0.87755102,0.316326531,488.4404375,12,1,CR,EN
FFt1,6,1,2,3,0.015161087,395.75,0.166666667,0.333333333,0.5,1202.115011,22,0,LC,LC
FFt2,9,4,8,5,0.04956493,181.58,0.444444444,0.888888889,0.555555556,957.0193591,11,0,LC,LC
FOa1,7,3,4,3,0.052461965,133.43,0.428571429,0.571428571,0.428571429,78523.07413,34,0,LC,LC
FOa2,6,2,4,1,0.082315818,72.89,0.333333333,0.666666667,0.166666667,17901.17785,22,0,LC,LC
FOa3,3,1,2,0,0.145772595,20.58,0.333333333,0.666666667,0,38231.9017,4,0,LC,LC
FOz1,11,6,8,1,0.017397906,632.26,0.545454545,0.727272727,0.090909091,125260.6447,59,0,LC,LC
FOz2,13,5,7,6,0.071252398,182.45,0.384615385,0.538461538,0.461538462,181409.8919,61,0,LC,LC
FOz3,22,6,11,7,0.02488913,883.92,0.272727273,0.5,0.318181818,151896.5129,183,0,LC,LC
FOz4,10,3,5,3,0.034636833,288.71,0.3,0.5,0.3,47077.72723,50,0,LC,LC
FOz5,53,22,30,21,0.056007609,946.3,0.41509434,0.566037736,0.396226415,178728.6377,182,0,LC,LC
FOz6,8,1,2,1,0.053025784,150.87,0.125,0.25,0.125,51589.81548,14,0,LC,LC
FOz7,44,15,24,16,0.085382182,515.33,0.340909091,0.545454545,0.363636364,25652.53,82,0,LC,LC
FOz8,14,2,2,5,0.057360593,244.07,0.142857143,0.142857143,0.357142857,4701.764351,33,0,LC,LC
FOz9,1,1,1,1,0.012309207,81.24,1,1,1,40154.37645,19,0,LC,LC
FRa1,36,8,19,17,0.206280083,174.52,0.222222222,0.527777778,0.472222222,2225.363994,24,0,LC,LC
FRa2,38,21,38,31,1.04195229,36.47,0.552631579,1,0.815789474,723.0662765,8,1,CR,EN
FRc1,86,44,85,75,6.739811912,12.76,0.511627907,0.988372093,0.872093023,5168.441968,1,1,EN,CR
FRc2,63,20,51,47,2.205110256,28.57,0.317460317,0.80952381,0.746031746,6229.923698,10,1,EN,EN
FRd1,13,1,4,5,0.06590621,197.25,0.076923077,0.307692308,0.384615385,3622.143145,20,0,LC,LC
FRd2,4,1,0,1,0.007075639,565.32,0.25,0,0.25,2005.234376,24,0,LC,LC
FRg1,18,2,3,15,0.071202532,252.8,0.111111111,0.166666667,0.833333333,6593.15449,26,0,LC,LC
FRg2,241,102,224,154,1.566053675,153.89,0.423236515,0.929460581,0.639004149,3605.80829,29,1,EN,VU
FRg3,0,0,0,0,0,18.83,0,0,0,25.58366204,1,0,LC,LC
FRl1,8,0,1,6,0.018490269,432.66,0,0.125,0.75,1159.866766,19,0,LC,LC
FRs1,11,0,6,3,0.056108136,196.05,0,0.545454545,0.272727273,2154.65089,20,0,LC,LC
FRs10,56,30,55,37,22.31075697,2.51,0.535714286,0.982142857,0.660714286,44.58345309,1,1,CR,CR
FRs11,107,27,96,67,0.699117935,153.05,0.252336449,0.897196262,0.626168224,1846.579477,24,1,CR,VU
FRs12,97,22,80,69,0.495732611,195.67,0.226804124,0.824742268,0.711340206,4180.985879,33,1,EN,VU
FRs13,115,24,79,74,0.289169956,397.69,0.208695652,0.686956522,0.643478261,4591.980171,49,1,EN,VU
FRs14,40,10,30,21,0.122571551,326.34,0.25,0.75,0.525,1844.316858,24,0,LC,LC
FRs15,4,0,2,3,0.015136608,264.26,0,0.5,0.75,1248.264085,20,0,LC,LC
FRs16,17,3,6,11,0.015397296,1104.09,0.176470588,0.352941176,0.647058824,5903.943571,47,0,LC,LC
FRs17,9,3,5,5,0.140208755,64.19,0.333333333,0.555555556,0.555555556,3237.255399,22,0,LC,LC
FRs18,1,0,1,1,0.00842744,118.66,0,1,1,424.8912812,9,0,LC,LC
FRs19,14,8,12,9,0.089737837,156.01,0.571428571,0.857142857,0.642857143,2107.5874,17,0,LC,LC
FRs2,25,0,10,12,0.239532433,104.37,0,0.4,0.48,717.4438879,9,0,LC,LC
FRs20,18,6,12,7,1.576182137,11.42,0.333333333,0.666666667,0.388888889,417.2272384,5,0,LC,LC
FRs3,22,1,2,14,0.006988031,3148.24,0.045454545,0.090909091,0.636363636,12844.59637,81,0,LC,LC
FRs4,27,7,17,14,0.127683723,211.46,0.259259259,0.62962963,0.518518519,1760.893134,17,0,LC,LC
FRs5,3,1,1,2,0.002501751,1199.16,0.333333333,0.333333333,0.666666667,3289.691308,32,0,LC,LC
FRs6,35,2,8,19,0.019337337,1809.97,0.057142857,0.228571429,0.542857143,6248.108058,65,0,LC,LC
FRs7,56,12,29,36,0.043299081,1293.33,0.214285714,0.517857143,0.642857143,8781.296478,57,0,LC,LC
FRs8,131,47,94,83,0.212524335,616.4,0.358778626,0.717557252,0.633587786,4785.752309,37,1,EN,VU
FRs9,225,109,201,156,0.462772522,486.2,0.484444444,0.893333333,0.693333333,10531.74819,91,1,EN,LC
FS1,25,3,12,13,0.106067034,235.7,0.12,0.48,0.52,1253.141566,15,0,LC,LC
FS10,0,0,0,0,0,305.59,0,0,0,8530.91948,33,0,LC,LC
FS11,0,0,0,0,0,39.44,0,0,0,85.69274714,5,0,LC,LC
FS12,0,0,0,0,0,91.07,0,0,0,4956.790609,10,0,LC,LC
FS13,0,0,0,0,0,35.18,0,0,0,801.0552353,4,0,LC,LC
FS14,0,0,0,0,0,84.94,0,0,0,1119.904783,8,0,LC,LC
FS2,84,15,55,53,1.072386059,78.33,0.178571429,0.654761905,0.630952381,1102.319439,13,1,CR,EN
FS3,97,23,71,57,0.167019646,580.77,0.237113402,0.731958763,0.587628866,5158.496452,42,1,EN,VU
FS4,46,3,24,25,0.929668553,49.48,0.065217391,0.52173913,0.543478261,793.4973066,10,0,LC,LC
FS5,71,11,52,42,0.242469777,292.82,0.154929577,0.732394366,0.591549296,4473.393093,33,1,EN,VU
FS6,91,20,83,41,0.493438889,184.42,0.21978022,0.912087912,0.450549451,2792.449494,19,1,EN,EN
FS7,106,17,99,38,2.828175027,37.48,0.160377358,0.933962264,0.358490566,6173.867055,8,1,EN,EN
FS9,10,6,9,2,0.807754443,12.38,0.6,0.9,0.2,234.5165512,2,0,LC,LC
Gd1,18,4,5,8,0.004282839,4202.82,0.222222222,0.277777778,0.444444444,13760.36291,120,0,LC,LC
Gd10,4,0,1,4,0.001452697,2753.5,0,0.25,1,11951.10056,90,0,LC,LC
Gd2,3,1,1,2,0.019536338,153.56,0.333333333,0.333333333,0.666666667,1628.709932,19,0,LC,LC
Gd3,0,0,0,0,0,2408.8,0,0,0,5034.783727,54,0,LC,LC
Gd4,11,6,6,9,0.001835309,5993.54,0.545454545,0.545454545,0.818181818,27746.50666,174,0,LC,LC
Gd5,11,3,8,10,0.009856101,1116.06,0.272727273,0.727272727,0.909090909,6787.27755,47,0,LC,LC
Gd6,3,1,0,1,0.139275766,21.54,0.333333333,0,0.333333333,7312.49147,9,0,LC,LC
Gd7,10,3,3,4,0.007430083,1345.88,0.3,0.3,0.4,8340.146353,44,0,LC,LC
Gd8,10,5,5,8,0.000578322,17291.4,0.5,0.5,0.8,46169.09771,357,0,LC,LC
Gd9,0,0,0,0,0,1856.11,0,0,0,4171.145551,48,0,LC,LC
Gh1,6,1,2,3,0.000737241,8138.45,0.166666667,0.333333333,0.5,52010.78122,232,0,LC,LC
Gh10,1,0,0,0,0.000172029,5812.99,0,0,0,62463.69551,417,0,LC,LC
Gh11,0,0,0,0,0,416.94,0,0,0,1684.969493,20,0,LC,LC
Gh12,1,0,0,1,0.004522636,221.11,0,0,1,449.7492844,9,0,LC,LC
Gh13,3,0,1,1,0.001412522,2123.86,0,0.333333333,0.333333333,14437.17915,66,0,LC,LC
Gh14,1,0,1,1,0.000272064,3675.61,0,1,1,21087.15852,147,0,LC,LC
Gh15,10,1,8,4,0.001828795,5468.08,0.1,0.8,0.4,29449.71486,158,0,LC,LC
Gh2,0,0,0,0,0,5659.64,0,0,0,15310.06295,130,0,LC,LC
Gh3,0,0,0,0,0,12356.6,0,0,0,22593.86346,204,0,LC,LC
Gh4,0,0,0,0,0,9248.67,0,0,0,58590.36547,417,0,LC,LC
Gh5,0,0,0,0,0,2576.77,0,0,0,7471.390087,79,0,LC,LC
Gh6,0,0,0,0,0,10487.84,0,0,0,34033.37531,254,0,LC,LC
Gh7,0,0,0,0,0,1286.28,0,0,0,22925.06983,110,0,LC,LC
Gh8,0,0,0,0,0,66.13,0,0,0,12589.27845,16,0,LC,LC
Gh9,0,0,0,0,0,5306.84,0,0,0,15417.29212,122,0,LC,LC
Gm1,1,0,0,0,0.000355664,2811.64,0,0,0,11927.0771,94,0,LC,LC
Gm10,2,0,1,0,0.010924783,183.07,0,0.5,0,1196.296317,18,0,LC,LC
Gm11,17,5,10,7,0.004038782,4209.19,0.294117647,0.588235294,0.411764706,51640.2252,198,0,LC,LC
Gm12,12,1,9,5,0.003236709,3707.47,0.083333333,0.75,0.416666667,23004.02852,176,0,LC,LC
Gm13,2,0,1,1,0.000940636,2126.22,0,0.5,0.5,7256.956417,74,0,LC,LC
Gm14,22,7,12,15,0.007457526,2950.04,0.318181818,0.545454545,0.681818182,7449.258226,67,0,LC,LC
Gm15,13,4,6,9,0.006609453,1966.88,0.307692308,0.461538462,0.692307692,11686.37436,101,0,LC,LC
Gm16,21,7,14,13,0.003940717,5328.98,0.333333333,0.666666667,0.619047619,18471.99954,155,0,LC,LC
Gm17,24,9,19,8,0.029807,805.18,0.375,0.791666667,0.333333333,2997.310435,30,0,LC,LC
Gm19,9,1,5,6,0.010625111,847.05,0.111111111,0.555555556,0.666666667,2594.081203,32,0,LC,LC
Gm2,1,0,0,1,0.000354797,2818.51,0,0,1,13760.53633,105,0,LC,LC
Gm20,2,1,1,1,0.108754758,18.39,0.5,0.5,0.5,62.29200488,2,0,LC,LC
Gm21,6,3,2,3,0.005030603,1192.7,0.5,0.333333333,0.5,3456.909643,39,0,LC,LC
Gm22,12,5,10,5,0.034087036,352.04,0.416666667,0.833333333,0.416666667,3102.104281,25,0,LC,LC
Gm23,22,8,16,5,0.028953083,759.85,0.363636364,0.727272727,0.227272727,12576.35682,48,0,LC,LC
Gm24,2,0,2,1,0.214132762,9.34,0,1,0.5,5185.150507,4,0,LC,LC
Gm25,11,3,10,5,0.106085447,103.69,0.272727273,0.909090909,0.454545455,885.1880331,12,0,LC,LC
Gm26,5,0,4,3,0.020643243,242.21,0,0.8,0.6,1116.678628,13,0,LC,LC
Gm27,1,0,1,1,0.00382951,261.13,0,1,1,1993.071714,20,0,LC,LC
Gm28,5,2,1,1,0.054603036,91.57,0.4,0.2,0.2,808.2269192,10,0,LC,LC
Gm29,3,0,1,0,0.005966824,502.78,0,0.333333333,0,20180.11738,40,0,LC,LC
Gm3,0,0,0,0,0,6006.83,0,0,0,30463.63981,239,0,LC,LC
Gm30,27,6,16,12,0.010340113,2611.19,0.222222222,0.592592593,0.444444444,5659.921898,61,0,LC,LC
Gm31,18,7,12,9,0.033587103,535.92,0.388888889,0.666666667,0.5,1690.665584,22,0,LC,LC
Gm4,4,1,4,4,0.000537082,7447.65,0.25,1,1,35443.33609,258,0,LC,LC
Gm5,3,0,2,3,0.001218403,2462.24,0,0.666666667,1,37148.60795,228,0,LC,LC
Gm6,2,0,2,2,0.000365963,5465.04,0,1,1,13921.41552,138,0,LC,LC
Gm7,0,0,0,0,0,27.61,0,0,0,13754.86264,9,0,LC,LC
Gm8,10,1,7,5,0.001816761,5504.3,0.1,0.7,0.5,26759.68416,214,0,LC,LC
Gm9,5,1,3,3,0.011471573,435.86,0.2,0.6,0.6,5385.283129,38,0,LC,LC
Gs1,12,4,5,10,0.042630289,281.49,0.333333333,0.416666667,0.833333333,3870.448132,23,0,LC,LC
Gs10,26,9,12,19,0.003432117,7575.5,0.346153846,0.461538462,0.730769231,54121.64895,266,0,LC,LC
Gs11,9,3,4,5,0.008820416,1020.36,0.333333333,0.444444444,0.555555556,5757.899612,49,0,LC,LC
Gs12,6,1,2,5,0.001277729,4695.83,0.166666667,0.333333333,0.833333333,16700.91936,166,0,LC,LC
Gs13,2,1,1,2,0.013490725,148.25,0.5,0.5,1,1438.42379,16,0,LC,LC
Gs14,0,0,0,0,0,2134.43,0,0,0,11307.13894,96,0,LC,LC
Gs15,2,0,0,1,0.000539783,3705.19,0,0,0.5,13583.55945,124,0,LC,LC
Gs16,3,0,0,1,0.00100686,2979.56,0,0,0.333333333,6853.747227,73,0,LC,LC
Gs17,2,1,1,2,0.000479529,4170.76,0.5,0.5,1,27218.58012,200,0,LC,LC
Gs18,2,0,1,1,0.00142106,1407.4,0,0.5,0.5,5358.444453,42,0,LC,LC
Gs19,24,10,17,18,0.017984129,1334.51,0.416666667,0.708333333,0.75,21538.63015,107,0,LC,LC
Gs2,8,2,6,6,0.006436819,1242.85,0.25,0.75,0.75,11671.36702,61,0,LC,LC
Gs20,45,18,26,31,0.019933908,2257.46,0.4,0.577777778,0.688888889,24558.33591,160,0,LC,LC
Gs3,7,1,5,6,0.004476218,1563.82,0.142857143,0.714285714,0.857142857,16228.08381,61,0,LC,LC
Gs4,16,5,11,13,0.003771948,4241.84,0.3125,0.6875,0.8125,24918.266,169,0,LC,LC
Gs6,13,2,5,8,0.003937795,3301.34,0.153846154,0.384615385,0.615384615,41839.55101,133,0,LC,LC
Gs7,3,0,3,3,0.001269761,2362.65,0,1,1,8098.094658,76,0,LC,LC
Gs8,23,7,13,16,0.013821866,1664.03,0.304347826,0.565217391,0.695652174,9437.14873,62,0,LC,LC
Gs9,54,20,26,38,0.026735717,2019.77,0.37037037,0.481481481,0.703703704,23010.69293,135,0,LC,LC
NKb1,2,0,0,2,0.000431264,4637.53,0,0,1,54631.03793,219,0,LC,LC
NKb2,2,0,0,2,0.003325518,601.41,0,0,1,1573.404357,20,0,LC,LC
NKb3,7,0,0,5,0.000171066,40919.79,0,0,0.714285714,114332.6315,685,0,LC,LC
NKb4,0,0,0,0,0,2670.27,0,0,0,39630.01153,95,0,LC,LC
NKb5,0,0,0,0,0,8543.59,0,0,0,34373.60113,203,0,LC,LC
NKb6,1,0,0,1,2.44439E-05,40910.02,0,0,1,63134.7663,563,0,LC,LC
NKl1,5,0,0,5,0.000249069,20074.73,0,0,1,28825.11208,275,0,LC,LC
NKl2,3,0,0,3,0.000367462,8164.12,0,0,1,18190.70532,155,0,LC,LC
NKl4,1,0,0,1,0.001463829,683.14,0,0,1,5346.284014,31,0,LC,LC
NKu1,3,0,0,3,0.000176835,16964.98,0,0,1,27601.06162,248,0,LC,LC
NKu2,6,1,1,4,0.00051254,11706.41,0.166666667,0.166666667,0.666666667,97641.6767,603,0,LC,LC
NKu3,0,0,0,0,0,40002.27,0,0,0,88583.21187,634,0,LC,LC
NKu4,4,0,0,4,8.31874E-05,48084.22,0,0,1,101007.8427,737,0,LC,LC
SKk1,2,0,0,2,0.001199854,1666.87,0,0,1,4512.490747,41,0,LC,LC
SKk2,2,0,1,0,0.015487068,129.14,0,0.5,0,782.1677445,9,0,LC,LC
SKk3,16,0,1,2,0.012320107,1298.69,0,0.0625,0.125,6998.020019,48,0,LC,LC
SKk4,4,0,0,1,0.004084342,979.35,0,0,0.25,8051.443332,40,0,LC,LC
SKk5,19,1,4,7,0.022913928,829.19,0.052631579,0.210526316,0.368421053,4019.425582,37,0,LC,LC
SKk6,4,0,0,0,0.070126227,57.04,0,0,0,1793.959565,11,0,LC,LC
SKk7,18,3,4,4,0.137530562,130.88,0.166666667,0.222222222,0.222222222,631.121688,8,0,LC,LC
SKk8,6,1,4,4,10.52631579,0.57,0.166666667,0.666666667,0.666666667,1125.737009,0,0,LC,LC
SKk9,1,0,1,0,0.007132668,140.2,0,1,0,2506.053724,20,0,LC,LC
SKn1,52,0,3,27,0.007082462,7342.08,0,0.057692308,0.519230769,39308.88927,204,0,LC,LC
SKn2,8,0,1,5,0.014974824,534.23,0,0.125,0.625,1107.328793,18,0,LC,LC
SKn3,18,0,2,10,0.006226585,2890.83,0,0.111111111,0.555555556,12601.05549,104,0,LC,LC
SKn4,18,0,3,9,0.003928973,4581.35,0,0.166666667,0.5,17280.72918,136,0,LC,LC
SKn5,3,0,0,2,0.004611553,650.54,0,0,0.666666667,2023.842537,26,0,LC,LC
SKn6,11,0,1,8,0.02809491,391.53,0,0.090909091,0.727272727,4399.343333,28,0,LC,LC
SKn7,0,0,0,0,0,907.98,0,0,0,3919.086655,43,0,LC,LC
SKr1,58,0,4,52,0.048345017,1199.71,0,0.068965517,0.896551724,2137.561117,30,0,LC,LC
SKr10,5,0,0,5,0.03932982,127.13,0,0,1,144.3346894,3,0,LC,LC
SKr11,8,0,0,8,0.062436588,128.13,0,0,1,214.4363357,4,0,LC,LC
SKr12,15,0,0,11,0.024512608,611.93,0,0,0.733333333,1227.465574,17,0,LC,LC
SKr13,9,0,1,7,0.012468655,721.81,0,0.111111111,0.777777778,1638.55566,24,0,LC,LC
SKr14,8,0,0,1,0.021904605,365.22,0,0,0.125,1259.758031,14,0,LC,LC
SKr15,11,0,2,7,0.054931336,200.25,0,0.181818182,0.636363636,369.1462773,7,0,LC,LC
SKr16,14,0,0,9,0.032380424,432.36,0,0,0.642857143,611.2946985,11,0,LC,LC
SKr17,4,0,0,3,0.015405353,259.65,0,0,0.75,509.0475642,11,0,LC,LC
SKr18,14,0,0,3,0.017234375,812.33,0,0,0.214285714,10628.05109,67,0,LC,LC
SKr19,4,0,0,1,0.010875772,367.79,0,0,0.25,6499.073941,35,0,LC,LC
SKr2,7,0,0,5,0.036584091,191.34,0,0,0.714285714,310.9232123,7,0,LC,LC
SKr3,10,0,1,10,0.058568584,170.74,0,0.1,1,188.9617241,5,0,LC,LC
SKr4,17,0,0,12,0.020551506,827.19,0,0,0.705882353,2980.053286,28,0,LC,LC
SKr5,9,0,0,1,0.489929232,18.37,0,0,0.111111111,20.44042552,2,0,LC,LC
SKr6,6,0,1,5,0.091157703,65.82,0,0.166666667,0.833333333,165.8484514,5,0,LC,LC
SKr7,7,0,0,6,0.021434914,326.57,0,0,0.857142857,2199.528039,19,0,LC,LC
SKr8,1,0,0,0,0.01979806,50.51,0,0,0,66.17438065,3,0,LC,LC
SKr9,1,0,0,1,0.306748466,3.26,0,0,1,4.207755122,1,0,LC,LC
SKs1,18,0,0,7,0.05786851,311.05,0,0,0.388888889,1304.176772,20,0,LC,LC
SKs10,3,0,0,1,0.022393073,133.97,0,0,0.333333333,243.9409375,4,0,LC,LC
SKs11,2,0,0,2,0.006976176,286.69,0,0,1,7954.436558,19,0,LC,LC
SKs12,7,1,1,2,0.016526194,423.57,0.142857143,0.142857143,0.285714286,2447.645116,19,0,LC,LC
SKs13,20,1,5,4,0.184979652,108.12,0.05,0.25,0.2,853.5021802,12,0,LC,LC
SKs14,9,1,2,4,0.013977543,643.89,0.111111111,0.222222222,0.444444444,6694.115852,47,0,LC,LC
SKs2,12,0,0,8,0.022860626,524.92,0,0,0.666666667,821.4148715,14,0,LC,LC
SKs3,8,0,0,6,0.026421824,302.78,0,0,0.75,685.0390796,11,0,LC,LC
SKs4,2,0,0,2,0.004530217,441.48,0,0,1,1236.36826,19,0,LC,LC
SKs5,4,0,0,4,0.007071136,565.68,0,0,1,993.2934924,15,0,LC,LC
SKs6,3,0,0,2,0.024431957,122.79,0,0,0.666666667,213.9441,5,0,LC,LC
SKs7,35,3,7,16,0.013778768,2540.14,0.085714286,0.2,0.457142857,13857.28478,94,0,LC,LC
SKs8,22,0,2,7,0.030250113,727.27,0,0.090909091,0.318181818,2567.075683,32,0,LC,LC
SKs9,12,0,1,5,0.01356392,884.7,0,0.083333333,0.416666667,6931.679021,48,0,LC,LC
SKt1,0,0,0,0,0,101.33,0,0,0,877.0713217,7,0,LC,LC
SKt2,12,1,1,6,0.001640891,7313.1,0.083333333,0.083333333,0.5,11398.74606,120,0,LC,LC
SKt3,16,1,1,12,0.003063544,5222.71,0.0625,0.0625,0.75,12514.79069,99,0,LC,LC
SKv1,11,0,2,2,0.024553023,448.01,0,0.181818182,0.181818182,4077.196544,25,0,LC,LC
SKv10,14,0,3,11,0.061878453,226.25,0,0.214285714,0.785714286,4419.677244,28,0,LC,LC
SKv11,21,1,4,18,0.015337983,1369.15,0.047619048,0.19047619,0.857142857,4790.322234,51,0,LC,LC
SKv13,2,0,0,2,0.000795558,2513.96,0,0,1,5523.533369,59,0,LC,LC
SKv14,1,0,0,0,0.001299917,769.28,0,0,0,3468.004991,39,0,LC,LC
SKv2,3,0,2,0,0.005384546,557.15,0,0.666666667,0,1752.891124,23,0,LC,LC
SKv3,10,1,2,4,0.011074197,903,0.1,0.2,0.4,3069.11865,32,0,LC,LC
SKv4,6,1,2,1,0.00456774,1313.56,0.166666667,0.333333333,0.166666667,5580.268908,45,0,LC,LC
SKv5,9,0,2,5,0.001299842,6923.92,0,0.222222222,0.555555556,13660.2922,125,0,LC,LC
SKv6,8,0,1,6,0.001711274,4674.88,0,0.125,0.75,9123.828544,85,0,LC,LC
SKv7,32,5,13,8,0.064479729,496.28,0.15625,0.40625,0.25,2838.393063,26,0,LC,LC
SKv8,34,3,4,27,0.008647439,3931.8,0.088235294,0.117647059,0.794117647,10270.17349,93,0,LC,LC
SVcb1,1,0,0,0,0.000195734,5108.97,0,0,0,18754.42525,173,0,LC,LC
SVcb10,7,1,5,2,0.007615898,919.13,0.142857143,0.714285714,0.285714286,15533.94288,59,0,LC,LC
SVcb11,8,1,6,2,0.003208239,2493.58,0.125,0.75,0.25,43221.30243,143,0,LC,LC
SVcb12,3,0,2,2,0.000276193,10861.97,0,0.666666667,0.666666667,41978.26708,319,0,LC,LC
SVcb13,8,3,6,4,0.004165734,1920.43,0.375,0.75,0.5,6610.415079,64,0,LC,LC
SVcb14,1,1,1,1,0.00226634,441.24,1,1,1,1986.312374,25,0,LC,LC
SVcb15,3,1,1,3,0.001050314,2856.29,0.333333333,0.333333333,1,13513.5201,121,0,LC,LC
SVcb16,0,0,0,0,0,9881.07,0,0,0,34133.49073,267,0,LC,LC
SVcb17,5,1,2,0,0.000608667,8214.67,0.2,0.4,0,20749.4781,183,0,LC,LC
SVcb18,1,0,0,0,0.000196013,5101.71,0,0,0,10475.31971,98,0,LC,LC
SVcb19,0,0,0,0,0,10665.58,0,0,0,26724.5722,182,0,LC,LC
SVcb2,1,0,0,0,0.000929489,1075.86,0,0,0,6998.740086,41,0,LC,LC
SVcb20,1,0,0,0,0.000160782,6219.61,0,0,0,15278.59242,146,0,LC,LC
SVcb21,12,3,2,7,0.003940498,3045.3,0.25,0.166666667,0.583333333,8552.26669,79,0,LC,LC
SVcb22,1,0,0,1,1.886792453,0.53,0,0,1,1.114277259,0,0,LC,LC
SVcb23,7,1,2,4,0.002780106,2517.89,0.142857143,0.285714286,0.571428571,6855.316109,70,0,LC,LC
SVcb24,5,0,0,2,0.008379139,596.72,0,0,0.4,6744.264469,40,0,LC,LC
SVcb25,12,1,2,8,0.014563284,823.99,0.083333333,0.166666667,0.666666667,5826.595785,37,0,LC,LC
SVcb26,12,2,1,9,0.006865224,1747.94,0.166666667,0.083333333,0.75,8376.351591,57,0,LC,LC
SVcb27,10,1,1,6,0.008292837,1205.86,0.1,0.1,0.6,4653.161972,50,0,LC,LC
SVcb28,15,1,2,11,0.008289674,1809.48,0.066666667,0.133333333,0.733333333,6059.762359,51,0,LC,LC
SVcb29,0,0,0,0,0,373.63,0,0,0,3340.106969,22,0,LC,LC
SVcb3,2,0,0,2,0.002247999,889.68,0,0,1,5638.601945,48,0,LC,LC
SVcb4,3,1,1,2,0.000819287,3661.72,0.333333333,0.333333333,0.666666667,21020.56572,142,0,LC,LC
SVcb5,0,0,0,0,0,359.8,0,0,0,564.4748924,9,0,LC,LC
SVcb6,3,0,0,1,0.004231133,709.03,0,0,0.333333333,6427.25622,50,0,LC,LC
SVcb7,1,0,0,0,0.002770927,360.89,0,0,0,3265.492873,31,0,LC,LC
SVcb8,0,0,0,0,0,843.34,0,0,0,8118.074289,64,0,LC,LC
SVcb9,12,2,0,2,0.004627898,2592.97,0.166666667,0,0.166666667,36063.97631,134,0,LC,LC
SVk1,1,0,0,0,8.33208E-05,12001.81,0,0,0,31903.22462,229,0,LC,LC
SVk10,0,0,0,0,0,5539.68,0,0,0,64698.61384,222,0,LC,LC
SVk11,0,0,0,0,0,13625.08,0,0,0,22885.46613,192,0,LC,LC
SVk12,0,0,0,0,0,7252.67,0,0,0,12608.7486,116,0,LC,LC
SVk13,0,0,0,0,0,8409.38,0,0,0,20772.29101,178,0,LC,LC
SVk14,0,0,0,0,0,880.82,0,0,0,1543.554548,22,0,LC,LC
SVk15,0,0,0,0,0,1617.17,0,0,0,12263.05505,82,0,LC,LC
SVk16,0,0,0,0,0,7905.82,0,0,0,42443.89966,151,0,LC,LC
SVk17,0,0,0,0,0,3751.64,0,0,0,36872.44651,176,0,LC,LC
SVk18,0,0,0,0,0,953.04,0,0,0,1312.457109,21,0,LC,LC
SVk2,1,0,0,0,0.000309853,3227.34,0,0,0,17344.11899,94,0,LC,LC
SVk3,1,0,0,0,0.001735328,576.26,0,0,0,1700.845545,24,0,LC,LC
SVk4,1,0,0,1,8.02875E-05,12455.24,0,0,1,42742.66764,289,0,LC,LC
SVk5,0,0,0,0,0,1418.33,0,0,0,18756.64742,100,0,LC,LC
SVk6,0,0,0,0,0,4220.26,0,0,0,18032.2345,103,0,LC,LC
SVk7,0,0,0,0,0,13112.57,0,0,0,16619.50565,178,0,LC,LC
SVk8,0,0,0,0,0,3235.82,0,0,0,4434.208762,54,0,LC,LC
SVk9,0,0,0,0,0,5504.18,0,0,0,12050.6283,104,0,LC,LC
SVkd1,0,0,0,0,0,37004.61,0,0,0,105628.5252,641,0,LC,LC
SVkd2,0,0,0,0,0,2239.51,0,0,0,17823.73221,64,0,LC,LC
SVkd3,0,0,0,0,0,2898.12,0,0,0,8222.225073,56,0,LC,LC
SVkd4,0,0,0,0,0,762.29,0,0,0,1946.198176,27,0,LC,LC
SVl1,3,0,0,1,0.001899468,1579.39,0,0,0.333333333,11749.4717,55,0,LC,LC
SVl10,4,1,0,1,0.006501105,615.28,0.25,0,0.25,2079.966729,23,0,LC,LC
SVl11,4,0,0,2,0.006705109,596.56,0,0,0.5,1310.267225,18,0,LC,LC
SVl12,3,0,0,1,0.008143101,368.41,0,0,0.333333333,1261.638471,18,0,LC,LC
SVl13,6,0,0,2,0.082747207,72.51,0,0,0.333333333,4106.51579,19,0,LC,LC
SVl14,4,0,0,0,0.001169389,3420.59,0,0,0,17730.99517,118,0,LC,LC
SVl15,2,0,0,0,0.001488527,1343.61,0,0,0,4904.974415,45,0,LC,LC
SVl16,7,0,0,3,0.0031089,2251.6,0,0,0.428571429,5667.109149,58,0,LC,LC
SVl17,3,0,0,0,0.07057163,42.51,0,0,0,2069.040193,14,0,LC,LC
SVl18,5,0,0,0,0.005778142,865.33,0,0,0,2695.829502,33,0,LC,LC
SVl19,1,0,0,0,0.01237777,80.79,0,0,0,777.2303167,8,0,LC,LC
SVl2,2,0,0,0,0.010882577,183.78,0,0,0,1350.443839,9,0,LC,LC
SVl20,3,0,0,0,0.00462606,648.5,0,0,0,5199.580571,48,0,LC,LC
SVl21,1,0,0,0,0.003722592,268.63,0,0,0,4177.630137,30,0,LC,LC
SVl22,2,0,0,0,0.000543387,3680.62,0,0,0,14455.00773,124,0,LC,LC
SVl23,12,0,0,0,0.002104905,5700.97,0,0,0,27037.38453,153,0,LC,LC
SVl24,0,0,0,0,0,182.19,0,0,0,922.5778268,16,0,LC,LC
SVl25,6,0,0,0,0.012689819,472.82,0,0,0,1975.171934,24,0,LC,LC
SVl26,3,0,0,0,0.005878088,510.37,0,0,0,1465.706484,21,0,LC,LC
SVl27,2,0,0,0,0.004686804,426.73,0,0,0,926.8109621,14,0,LC,LC
SVl3,10,0,0,0,0.000671951,14882.04,0,0,0,48356.32851,319,0,LC,LC
SVl4,3,0,0,0,0.001524344,1968.06,0,0,0,7834.873993,62,0,LC,LC
SVl5,0,0,0,0,0,2975.55,0,0,0,7717.28972,69,0,LC,LC
SVl6,0,0,0,0,0,757.7,0,0,0,5300.610784,32,0,LC,LC
SVl7,0,0,0,0,0,286.22,0,0,0,6210.888853,35,0,LC,LC
SVl8,0,0,0,0,0,1748.03,0,0,0,9479.190325,68,0,LC,LC
SVl9,0,0,0,0,0,1115.77,0,0,0,8700.793382,66,0,LC,LC
SVmp1,0,0,0,0,0,8133.05,0,0,0,13632.69887,137,0,LC,LC
SVmp2,0,0,0,0,0,2718.2,0,0,0,16194.61039,108,0,LC,LC
SVmp3,0,0,0,0,0,276.89,0,0,0,821.9491823,11,0,LC,LC
SVmp4,0,0,0,0,0,2800.27,0,0,0,4734.15714,56,0,LC,LC
SVmp5,0,0,0,0,0,4722.12,0,0,0,12575.59988,105,0,LC,LC
SVmp6,0,0,0,0,0,2431.56,0,0,0,7578.342642,58,0,LC,LC
SVmp7,0,0,0,0,0,2027.63,0,0,0,4433.501829,46,0,LC,LC
SVmp8,0,0,0,0,0,310.31,0,0,0,2389.550753,25,0,LC,LC
SVs1,0,0,0,0,0,1970.77,0,0,0,5121.834748,56,0,LC,LC
SVs2,0,0,0,0,0,1631.02,0,0,0,8207.216277,73,0,LC,LC
SVs3,0,0,0,0,0,1014.45,0,0,0,9073.263412,55,0,LC,LC
SVs4,0,0,0,0,0,325.9,0,0,0,4283.35206,25,0,LC,LC
SVs5,0,0,0,0,0,250.32,0,0,0,7395.012058,55,0,LC,LC
SVs6,0,0,0,0,0,7036.57,0,0,0,64156.40512,297,0,LC,LC
SVs7,0,0,0,0,0,4782.42,0,0,0,32535.59538,194,0,LC,LC
SVs8,0,0,0,0,0,848.72,0,0,0,11358.69763,57,0,LC,LC
